method,config,Jaccard
3CFBI,GL82,0.9099176681293951
3CFBI,GL82,0.9103370348328421
3CFBI,GL82,0.9050911432090688
3CFBI,GL82,0.9303915037747642
3CFBI,GL82,0.851634253869087
3CFBI,GL82,0.8295212079154712
3CFBI,GL82,0.8813103267940289
3CFBI,GL82,0.8859315133497687
3CFBI,GL82,0.91300555179134
3CFBI,GL82,0.8994604543732361
3CFBI,GL82,0.909399357872808
3CFBI,GL82,0.9081687593704294
3CFBI,GL82,0.9445710969315985
3CFBI,GL82,0.8657534189456525
3CFBI,GL82,0.9361460306281011
3CFBI,GL82,0.8884902985003885
3CFBI,GL82,0.8852502144811976
3CFBI,GL82,0.9086121063701632
3CFBI,GL82,0.933231970619141
3CFBI,GL82,0.876756389691885
3CFBI,GL82,0.9495051592785838
3CFBI,GL82,0.780721901179926
3CFBI,GL82,0.8166616026878374
3CFBI,GL82,0.8545341452353359
3CFBI,GL82,0.9286311433078314
3CFBI,GL82,0.9359079932387594
3CFBI,GL82,0.9020745813193672
3CFBI,GL82,0.8899647786645345
3CFBI,GL82,0.89257843452398
3CFBI,GL82,0.8991936480309565
3CFBI,GL82,0.9174236274286455
3CFBI,GL82,0.9325025602503568
3CFBI,GL82,0.9067131163784474
3CFBI,GL82,0.9108258947719238
3CFBI,GL82,0.9059553735568727
3CFBI,GL82,0.9196058703530626
3CFBI,GL82,0.9056999419451203
3CFBI,GL82,0.8602999111351131
3CFBI,GL82,0.934396283894602
3CFBI,GL82,0.8840932622585431
3CFBI,GL82,0.9294564143167454
3CFBI,GL82,0.881547201884793
3CFBI,GL82,0.979110948250631
3CFBI,GL82,0.9477363502292387
3CFBI,GL82,0.834244738564379
3CFBI,GL82,0.8424342223763964
3CFBI,GL82,0.8283555297901328
3CFBI,GL82,0.8634608959542472
3CFBI,GL82,0.8578702733293756
3CFBI,GL82,0.9362090172898055
3CFBI,GL82,0.9416122416519913
3CFBI,GL82,0.9331111003818273
3CFBI,GL82,0.9109705177923779
3CFBI,GL82,0.8536724093350794
3CFBI,GL82,0.9023007832130392
3CFBI,GL82,0.9049907081634648
3CFBI,GL82,0.9068928786206584
3CFBI,GL82,0.9227683764137198
3CFBI,GL82,0.9150722095913607
3CFBI,GL82,0.9355217598408642
3CFBI,GL82,0.9463369815470352
3CFBI,GL82,0.9051307704707305
3CFBI,GL82,0.970985103085813
3CFBI,GL82,0.986683822823223
3CFBI,GL82,0.9468924281458218
3CFBI,GL82,0.9123652021176635
3CFBI,GL82,0.955371111515861
3CFBI,GL82,0.9216446696529411
3CFBI,GL82,0.8729983803308715
3CFBI,GL82,0.8923984251599523
3CFBI,GL82,0.9014973974371705
3CFBI,GL82,0.9084770029563489
3CFBI,GL82,0.8971484563767881
3CFBI,GL82,0.924718675074313
3CFBI,GL82,0.9086385184174717
3CFBI,GL82,0.9526958622135929
3CFBI,GL82,0.800400468789941
3CFBI,GL82,0.697087777098357
3CFBI,GL82,0.5966092284006216
3CFBI,GL82,0.8847098712751792
3CFBI,GL82,0.9890313588995556
3CFBI,GL82,0.9497598262644894
3CFBI,GL82,0.9243535638202979
3CFBI,GL82,0.9544161994032606
3CFBI,GL82,0.8642730464646697
3CFBI,GL82,0.8773896610741994
3CFBI,GL82,0.8629785869349834
3CFBI,GL82,0.9095165166537484
3CFBI,GL82,0.9169156810313617
3CFBI,GL82,0.9299458748486368
3CFBI,GL82,0.9069084172531514
3CFBI,GL82,0.8905294505638935
3CFBI,GL82,0.8749623885525025
3CFBI,GL82,0.8523847768005912
3CFBI,GL82,0.9271052533279153
3CFBI,GL82,0.8985806811906247
3CFBI,GL82,0.9599615603930931
3CFBI,GL82,0.9672122802261629
3CFBI,GL82,0.9173035140925254
3CFBI,GL82,0.8606809900081066
3CFBI,GL82,0.8709486528563599
3CFBI,GL82,0.8171415542582239
3CFBI,GL82,0.8610819782430749
3CFBI,GL82,0.81405717633606
3CFBI,GL82,0.8804941660052851
3CFBI,GL82,0.9562368413914094
3CFBI,GL82,0.9241271478951424
3CFBI,GL82,0.9479795462311548
3CFBI,GL82,0.9303267008295891
3CFBI,GL82,0.85340415168612
3CFBI,GL82,0.9217719837506407
3CFBI,GL82,0.8973345589369552
3CFBI,GL82,0.9101487450374256
3CFBI,GL82,0.872503552036334
3CFBI,GL82,0.9047868155015983
3CFBI,GL82,0.954432357879445
3CFBI,GL82,0.8465073979373534
3CFBI,GL82,0.8735552525661813
3CFBI,GL82,0.9028821522844929
3CFBI,GL82,0.9207551069972852
3CFBI,GL82,0.9409997871566719
3CFBI,GL82,0.9346843446064078
3CFBI,GL82,0.8988293356610653
3CFBI,GL82,0.9482383518002682
3CFBI,GL82,0.8989593539518252
3CFBI,GL82,0.7726513754537357
3CFBI,GL82,0.8450465910888022
3CFBI,GL82,0.8458512722927082
3CFBI,GL82,0.923178758285005
3CFBI,GL82,0.8774829630688492
3CFBI,GL82,0.9310387055985194
3CFBI,GL82,0.9061280055948957
3CFBI,GL82,0.9325578965306779
3CFBI,GL82,0.855586623623968
3CFBI,GL82,0.8944405668417269
3CFBI,GL82,0.9602360696920985
3CFBI,GL82,0.8872363134231781
3CFBI,GL82,0.8043275094407029
3CFBI,GL82,0.8787860591577984
3CFBI,GL82,0.8691165994584733
3CFBI,GL82,0.8317029240882184
3CFBI,GL82,0.8917994921785233
3CFBI,GL82,0.8789755227770853
3CFBI,GL82,0.8925840648322637
CIBICA,GL82,0.9127821796629508
CIBICA,GL82,0.9136755424789625
CIBICA,GL82,0.9076488786225587
CIBICA,GL82,0.9251829530261596
CIBICA,GL82,0.893124166147341
CIBICA,GL82,0.8536527726312972
CIBICA,GL82,0.8983947840543496
CIBICA,GL82,0.8931906870894623
CIBICA,GL82,0.925963792701913
CIBICA,GL82,0.9256582528803817
CIBICA,GL82,0.9092685339837602
CIBICA,GL82,0.9283561075325639
CIBICA,GL82,0.9247176856077985
CIBICA,GL82,0.8671075553056758
CIBICA,GL82,0.9180062291777898
CIBICA,GL82,0.8859518524937785
CIBICA,GL82,0.8552123605951503
CIBICA,GL82,0.9073460035304999
CIBICA,GL82,0.9386246173877236
CIBICA,GL82,0.8831132552761669
CIBICA,GL82,0.9300772974047964
CIBICA,GL82,0.7831074682842567
CIBICA,GL82,0.8416766603893807
CIBICA,GL82,0.8403089317999172
CIBICA,GL82,0.9172077643927937
CIBICA,GL82,0.9282565329147304
CIBICA,GL82,0.9082606305153372
CIBICA,GL82,0.8905766361910057
CIBICA,GL82,0.9237184542821818
CIBICA,GL82,0.8948643166362744
CIBICA,GL82,0.9248622961500873
CIBICA,GL82,0.8394981242546687
CIBICA,GL82,0.9130563527377307
CIBICA,GL82,0.9099710378434364
CIBICA,GL82,0.9155481774076792
CIBICA,GL82,0.8919461722868524
CIBICA,GL82,0.9098860339857809
CIBICA,GL82,0.8361383571330553
CIBICA,GL82,0.9532212267654095
CIBICA,GL82,0.8944249227805777
CIBICA,GL82,0.9252800960456384
CIBICA,GL82,0.8879078395866052
CIBICA,GL82,0.9879940319778239
CIBICA,GL82,0.9166137595012604
CIBICA,GL82,0.8305131760428739
CIBICA,GL82,0.8560841107303807
CIBICA,GL82,0.8431933691083887
CIBICA,GL82,0.8675560161378996
CIBICA,GL82,0.8538715493475487
CIBICA,GL82,0.9460468924217433
CIBICA,GL82,0.9393684301836618
CIBICA,GL82,0.952375012975144
CIBICA,GL82,0.9007711863137374
CIBICA,GL82,0.8560180262297175
CIBICA,GL82,0.8941495788163994
CIBICA,GL82,0.8924773954441864
CIBICA,GL82,0.907339374438663
CIBICA,GL82,0.9223811640143061
CIBICA,GL82,0.9365126506289719
CIBICA,GL82,0.9450905382780018
CIBICA,GL82,0.9304810922570275
CIBICA,GL82,0.920942110847559
CIBICA,GL82,0.9720442297087729
CIBICA,GL82,0.9795614415799242
CIBICA,GL82,0.920922246404123
CIBICA,GL82,0.9248514350722178
CIBICA,GL82,0.9459606316602076
CIBICA,GL82,0.9208577522153802
CIBICA,GL82,0.8659193001937024
CIBICA,GL82,0.8890378042545792
CIBICA,GL82,0.9040369310887599
CIBICA,GL82,0.9236631266899961
CIBICA,GL82,0.9042813758875765
CIBICA,GL82,0.8850437147193
CIBICA,GL82,0.8979546354741571
CIBICA,GL82,0.9476130513649534
CIBICA,GL82,0.8331038452754179
CIBICA,GL82,0.6685556631736272
CIBICA,GL82,0.7145023497009362
CIBICA,GL82,0.8385296408793591
CIBICA,GL82,0.9736389774604253
CIBICA,GL82,0.9620477990998462
CIBICA,GL82,0.9420310140398026
CIBICA,GL82,0.9706075077694926
CIBICA,GL82,0.8580844948403779
CIBICA,GL82,0.9076417369923021
CIBICA,GL82,0.8595475081926077
CIBICA,GL82,0.9316600441136417
CIBICA,GL82,0.9220771591843683
CIBICA,GL82,0.9108424871456829
CIBICA,GL82,0.9220625392319046
CIBICA,GL82,0.8932767570759146
CIBICA,GL82,0.8796957070609673
CIBICA,GL82,0.8787560070072876
CIBICA,GL82,0.9308404306328658
CIBICA,GL82,0.9030688525060916
CIBICA,GL82,0.9337272012024297
CIBICA,GL82,0.9677524157990242
CIBICA,GL82,0.9125960050129583
CIBICA,GL82,0.8710200280503758
CIBICA,GL82,0.8795149051647831
CIBICA,GL82,0.856251122302206
CIBICA,GL82,0.8587255313002362
CIBICA,GL82,0.8720143024500956
CIBICA,GL82,0.8965839044005265
CIBICA,GL82,0.9465953180975006
CIBICA,GL82,0.9194211894590115
CIBICA,GL82,0.9402281942309759
CIBICA,GL82,0.9170126019202589
CIBICA,GL82,0.8955845206614185
CIBICA,GL82,0.9230140291840381
CIBICA,GL82,0.8775754765570768
CIBICA,GL82,0.9409788744891538
CIBICA,GL82,0.8587796870306584
CIBICA,GL82,0.9256405653868048
CIBICA,GL82,0.9411797150424231
CIBICA,GL82,0.8456129150057001
CIBICA,GL82,0.8774599975426303
CIBICA,GL82,0.8981245822783245
CIBICA,GL82,0.9199183764095612
CIBICA,GL82,0.935362656291512
CIBICA,GL82,0.9252628958364425
CIBICA,GL82,0.9154747366909545
CIBICA,GL82,0.9377784592859704
CIBICA,GL82,0.9129868070848615
CIBICA,GL82,0.7490541028713986
CIBICA,GL82,0.859430414528415
CIBICA,GL82,0.8871364741820036
CIBICA,GL82,0.9296146238626842
CIBICA,GL82,0.8825793507760287
CIBICA,GL82,0.9291737490693277
CIBICA,GL82,0.8965421002520643
CIBICA,GL82,0.9166132791581644
CIBICA,GL82,0.8494499528896524
CIBICA,GL82,0.8840177971542662
CIBICA,GL82,0.9688408796641652
CIBICA,GL82,0.8892944770167958
CIBICA,GL82,0.8280971915056655
CIBICA,GL82,0.8690754568053032
CIBICA,GL82,0.8869816820692003
CIBICA,GL82,0.9267868695334108
CIBICA,GL82,0.8923267531601299
CIBICA,GL82,0.9106272384562114
CIBICA,GL82,0.9247859448052989
HOUGH,GL82,0.8579731419005417
HOUGH,GL82,0.8797281539030778
HOUGH,GL82,0.8289915067671649
HOUGH,GL82,0.8497947754167097
HOUGH,GL82,0.792410611844926
HOUGH,GL82,0.8567342400766353
HOUGH,GL82,0.8196022530677128
HOUGH,GL82,0.73678176904285
HOUGH,GL82,0.801354281000654
HOUGH,GL82,0.8652582420883405
HOUGH,GL82,0.8936913057952357
HOUGH,GL82,0.8540765606869306
HOUGH,GL82,0.8089129013545684
HOUGH,GL82,0.8618944510988151
HOUGH,GL82,0.6264312238776277
HOUGH,GL82,0.7300060172904581
HOUGH,GL82,0.801410264888206
HOUGH,GL82,0.6761984239420156
HOUGH,GL82,0.8180695949321922
HOUGH,GL82,0.7535023575044134
HOUGH,GL82,0.8115955757609201
HOUGH,GL82,0.6463798888658885
HOUGH,GL82,0.74469426630242
HOUGH,GL82,0.873811089844026
HOUGH,GL82,0.7693229631264478
HOUGH,GL82,0.9409394010199814
HOUGH,GL82,0.8525873292723779
HOUGH,GL82,0.71687396360898
HOUGH,GL82,0.7295978500923495
HOUGH,GL82,0.905610055209944
HOUGH,GL82,0.8646870831195739
HOUGH,GL82,0.6523584501269037
HOUGH,GL82,0.8570509482132589
HOUGH,GL82,0.7465289262803173
HOUGH,GL82,0.7908959251583438
HOUGH,GL82,0.9054099133288448
HOUGH,GL82,0.8156782958031963
HOUGH,GL82,0.8094464159651894
HOUGH,GL82,0.7964905769551603
HOUGH,GL82,0.8070777469447497
HOUGH,GL82,0.8538286291856748
HOUGH,GL82,0.7261189292375653
HOUGH,GL82,0.7791899639020908
HOUGH,GL82,0.8438206375695817
HOUGH,GL82,0.7053406028756553
HOUGH,GL82,0.8282632135884704
HOUGH,GL82,0.6884069865441373
HOUGH,GL82,0.7302122977740266
HOUGH,GL82,0.82840326168321
HOUGH,GL82,0.7994606710842194
HOUGH,GL82,0.8116065769922264
HOUGH,GL82,0.8807856904836049
HOUGH,GL82,0.7105408852369002
HOUGH,GL82,0.7020605924722747
HOUGH,GL82,0.8985846712245626
HOUGH,GL82,0.8375544947076745
HOUGH,GL82,0.7330663399392952
HOUGH,GL82,0.9721921002006296
HOUGH,GL82,0.9122700421715101
HOUGH,GL82,0.9365233847092551
HOUGH,GL82,0.8271157818631042
HOUGH,GL82,0.8492074923424543
HOUGH,GL82,0.8665273705408075
HOUGH,GL82,0.9694174872838514
HOUGH,GL82,0.8388280416912006
HOUGH,GL82,0.7971924637425791
HOUGH,GL82,0.810178213201966
HOUGH,GL82,0.6592590753362163
HOUGH,GL82,0.7520223053692994
HOUGH,GL82,0.7703327824643029
HOUGH,GL82,0.7883712565099014
HOUGH,GL82,0.7440671770525397
HOUGH,GL82,0.8342127138853983
HOUGH,GL82,0.7430307578048315
HOUGH,GL82,0.8753149834860836
HOUGH,GL82,0.7983272758990486
HOUGH,GL82,0.9661855040638296
HOUGH,GL82,0.5791460625378178
HOUGH,GL82,0.5163194693975214
HOUGH,GL82,0.7524315358409248
HOUGH,GL82,0.7646653024116352
HOUGH,GL82,0.8217900186856366
HOUGH,GL82,0.9027143402194294
HOUGH,GL82,0.8050957390267226
HOUGH,GL82,0.7257178632771093
HOUGH,GL82,0.7503224069798964
HOUGH,GL82,0.7255024746064896
HOUGH,GL82,0.8013318627257905
HOUGH,GL82,0.7691865440116674
HOUGH,GL82,0.8471502566817554
HOUGH,GL82,0.8091067150665536
HOUGH,GL82,0.791776019589439
HOUGH,GL82,0.7412699588473141
HOUGH,GL82,0.755626073390529
HOUGH,GL82,0.7764236147468875
HOUGH,GL82,0.7930902272574476
HOUGH,GL82,0.8518463317792929
HOUGH,GL82,0.8474897838960069
HOUGH,GL82,0.796377665836302
HOUGH,GL82,0.763589361547719
HOUGH,GL82,0.8723136992385011
HOUGH,GL82,0.8543578819771043
HOUGH,GL82,0.8568475767071964
HOUGH,GL82,0.7760718893221766
HOUGH,GL82,0.6970753531269109
HOUGH,GL82,0.8971738067113093
HOUGH,GL82,0.7737663284641715
HOUGH,GL82,0.7537859300720245
HOUGH,GL82,0.8056538235796235
HOUGH,GL82,0.674341730705049
HOUGH,GL82,0.9314275020291329
HOUGH,GL82,0.812710480553234
HOUGH,GL82,0.8001247942939537
HOUGH,GL82,0.9030988810144065
HOUGH,GL82,0.8543667608166511
HOUGH,GL82,0.8416783296902133
HOUGH,GL82,0.8421769812382268
HOUGH,GL82,0.6553468279014474
HOUGH,GL82,0.7198933330253968
HOUGH,GL82,0.692252759603794
HOUGH,GL82,0.7997934322260176
HOUGH,GL82,0.8092928123588858
HOUGH,GL82,0.7377204881969663
HOUGH,GL82,0.9180797833715543
HOUGH,GL82,0.7747371650332432
HOUGH,GL82,0.6083033844211413
HOUGH,GL82,0.8074547428469134
HOUGH,GL82,0.7953667453367466
HOUGH,GL82,0.8124094992067923
HOUGH,GL82,0.7202818011105813
HOUGH,GL82,0.7852667600223929
HOUGH,GL82,0.7376513263345885
HOUGH,GL82,0.7979889974855853
HOUGH,GL82,0.7482458393285442
HOUGH,GL82,0.7948904257704741
HOUGH,GL82,0.7949226189839066
HOUGH,GL82,0.8420112114094263
HOUGH,GL82,0.6511503061515745
HOUGH,GL82,0.8743262367586467
HOUGH,GL82,0.8069382127922428
HOUGH,GL82,0.8191128860031678
HOUGH,GL82,0.8392750635642574
HOUGH,GL82,0.8505587216573411
HOUGH,GL82,0.8261662179740762
RHT,GL82,0.7352121174953403
RHT,GL82,0.7637178131567449
RHT,GL82,0.7684241606387407
RHT,GL82,0.8550811405733749
RHT,GL82,0.7411284768114775
RHT,GL82,0.7809439938157046
RHT,GL82,0.7556822382256809
RHT,GL82,0.8024498707238399
RHT,GL82,0.7843428854364555
RHT,GL82,0.8205573281968344
RHT,GL82,0.8196302041694663
RHT,GL82,0.7305479946527796
RHT,GL82,0.8491791021019681
RHT,GL82,0.8188193918876792
RHT,GL82,0.7929788833959057
RHT,GL82,0.7998734959765125
RHT,GL82,0.7790895061145432
RHT,GL82,0.7148778537114461
RHT,GL82,0.843759040316306
RHT,GL82,0.7957483662194473
RHT,GL82,0.8620927467857877
RHT,GL82,0.7835753397494759
RHT,GL82,0.862115855837432
RHT,GL82,0.7346375265270144
RHT,GL82,0.7285595619032049
RHT,GL82,0.7745959153227862
RHT,GL82,0.705632972706992
RHT,GL82,0.730041860921373
RHT,GL82,0.7974349151314296
RHT,GL82,0.8292549046310099
RHT,GL82,0.8818897100437182
RHT,GL82,0.7908568198824545
RHT,GL82,0.7935670629173727
RHT,GL82,0.8841767556042762
RHT,GL82,0.8851846866909908
RHT,GL82,0.8818661060428824
RHT,GL82,0.8136085483459184
RHT,GL82,0.7409822962938721
RHT,GL82,0.799683183120854
RHT,GL82,0.8555018526668292
RHT,GL82,0.8202755845982894
RHT,GL82,0.8477006183587219
RHT,GL82,0.9226410330554496
RHT,GL82,0.9244209249701837
RHT,GL82,0.7276232228159033
RHT,GL82,0.7694041417880636
RHT,GL82,0.6895610303978291
RHT,GL82,0.8442529284923129
RHT,GL82,0.7821093928743
RHT,GL82,0.923184301079681
RHT,GL82,0.799890527205952
RHT,GL82,0.8487045638975897
RHT,GL82,0.8616418644321255
RHT,GL82,0.8979884750015346
RHT,GL82,0.853558406247324
RHT,GL82,0.835937252437913
RHT,GL82,0.8745790452687682
RHT,GL82,0.7696453620725273
RHT,GL82,0.831186804863039
RHT,GL82,0.8181444910978622
RHT,GL82,0.8043251683397395
RHT,GL82,0.7744528427910311
RHT,GL82,0.839510517009832
RHT,GL82,0.8071633891675123
RHT,GL82,0.835115218484447
RHT,GL82,0.8695248663135425
RHT,GL82,0.9131057618261254
RHT,GL82,0.7748800040665228
RHT,GL82,0.868059579034992
RHT,GL82,0.9387261935559561
RHT,GL82,0.8444160679633577
RHT,GL82,0.7805179711270117
RHT,GL82,0.8129686166756653
RHT,GL82,0.7901693472890853
RHT,GL82,0.7923970106164289
RHT,GL82,0.8176671187012723
RHT,GL82,0.7587913818807528
RHT,GL82,0.7128598123790828
RHT,GL82,0.5710461960685653
RHT,GL82,0.7805384157109015
RHT,GL82,0.8972349281358263
RHT,GL82,0.7622574323833285
RHT,GL82,0.8720432185202576
RHT,GL82,0.7693022237723368
RHT,GL82,0.7864041243762177
RHT,GL82,0.8396506104429277
RHT,GL82,0.799273820246294
RHT,GL82,0.7921293268474265
RHT,GL82,0.8022399145676306
RHT,GL82,0.7644426770863126
RHT,GL82,0.7936802193994682
RHT,GL82,0.7202193802621225
RHT,GL82,0.8626115504884212
RHT,GL82,0.7870023608441532
RHT,GL82,0.8816178234578307
RHT,GL82,0.8044573033264986
RHT,GL82,0.844032973492875
RHT,GL82,0.797555103143826
RHT,GL82,0.8215548095319037
RHT,GL82,0.7376054655079941
RHT,GL82,0.8244405587976685
RHT,GL82,0.8618168024171218
RHT,GL82,0.7919097630091624
RHT,GL82,0.8423998052401708
RHT,GL82,0.7120105842922932
RHT,GL82,0.8367406936758939
RHT,GL82,0.702354980518407
RHT,GL82,0.8497842462433779
RHT,GL82,0.8103075076650993
RHT,GL82,0.8059362733717437
RHT,GL82,0.7209118958567542
RHT,GL82,0.7379584467442185
RHT,GL82,0.7839177009819893
RHT,GL82,0.6733572338274626
RHT,GL82,0.7737913851991746
RHT,GL82,0.7919654674015038
RHT,GL82,0.6939357473524762
RHT,GL82,0.7414991071114027
RHT,GL82,0.7598669564617191
RHT,GL82,0.8347010189402232
RHT,GL82,0.844560769540495
RHT,GL82,0.832177912083627
RHT,GL82,0.889934416189036
RHT,GL82,0.8387126248753823
RHT,GL82,0.8209791346351097
RHT,GL82,0.7377519497221089
RHT,GL82,0.9025008619983733
RHT,GL82,0.8228427641482368
RHT,GL82,0.808478008288592
RHT,GL82,0.7676105976669033
RHT,GL82,0.8136365986832658
RHT,GL82,0.7740402362877901
RHT,GL82,0.8393701583805654
RHT,GL82,0.7160589297805803
RHT,GL82,0.7188907632408502
RHT,GL82,0.8064416571572954
RHT,GL82,0.8543711163250695
RHT,GL82,0.7143915627192726
RHT,GL82,0.8490467378655899
RHT,GL82,0.8479549210769786
RHT,GL82,0.7625826870864829
RHT,GL82,0.8990308322521674
RHT,GL82,0.825619131624279
RHT,GL82,0.7912999581824965
RCD,GL82,0.8077316833384862
RCD,GL82,0.8578587701799432
RCD,GL82,0.8587655107528818
RCD,GL82,0.9454514189537596
RCD,GL82,0.7703446252702717
RCD,GL82,0.9197512546707446
RCD,GL82,0.7957611695239127
RCD,GL82,0.8762489727289049
RCD,GL82,0.8519722815062354
RCD,GL82,0.8244093382829586
RCD,GL82,0.9035937549119797
RCD,GL82,0.8668849689558776
RCD,GL82,0.89357036743649
RCD,GL82,0.9422148982694663
RCD,GL82,0.8714943413136821
RCD,GL82,0.8575181653428829
RCD,GL82,0.7776831555885286
RCD,GL82,0.9113101253751534
RCD,GL82,0.8714946517450592
RCD,GL82,0.8434220299102794
RCD,GL82,0.9008162406019763
RCD,GL82,0.7084361831019994
RCD,GL82,0.8469969779003395
RCD,GL82,0.8141983224949951
RCD,GL82,0.7934266130124875
RCD,GL82,0.902385919740272
RCD,GL82,0.8618749318110825
RCD,GL82,0.8337884171425438
RCD,GL82,0.799164774112494
RCD,GL82,0.8347572086899009
RCD,GL82,0.9021576011768302
RCD,GL82,0.8289460265649774
RCD,GL82,0.8844712285499453
RCD,GL82,0.9451552883124098
RCD,GL82,0.8924585732009577
RCD,GL82,0.8930228974371235
RCD,GL82,0.9309748412431434
RCD,GL82,0.7993538605755521
RCD,GL82,0.8765714543788186
RCD,GL82,0.922102630267552
RCD,GL82,0.879925068539188
RCD,GL82,0.9288561969890149
RCD,GL82,0.9308440492664942
RCD,GL82,0.9838820768493665
RCD,GL82,0.7705052272185261
RCD,GL82,0.7893977752428721
RCD,GL82,0.7725455638665892
RCD,GL82,0.7942957408554946
RCD,GL82,0.9095045770409647
RCD,GL82,0.9512733329227002
RCD,GL82,0.9008474126686197
RCD,GL82,0.9498914921331131
RCD,GL82,0.934194168732625
RCD,GL82,0.8231623071286012
RCD,GL82,0.9261728281832349
RCD,GL82,0.905675865934058
RCD,GL82,0.8725292876051589
RCD,GL82,0.8526361086692816
RCD,GL82,0.8855910593808123
RCD,GL82,0.8707535540863471
RCD,GL82,0.9150825177438527
RCD,GL82,0.8428712891618161
RCD,GL82,0.8656176375959195
RCD,GL82,0.8969110950297587
RCD,GL82,0.8982123433632099
RCD,GL82,0.8244839460941369
RCD,GL82,0.9343195114181457
RCD,GL82,0.8022855800202953
RCD,GL82,0.848912432181323
RCD,GL82,0.893951639344264
RCD,GL82,0.8876908227432786
RCD,GL82,0.8701308817870937
RCD,GL82,0.8623835124944095
RCD,GL82,0.879075402138773
RCD,GL82,0.8681052149770966
RCD,GL82,0.8657107024733364
RCD,GL82,0.7876110413433389
RCD,GL82,0.6925683109954642
RCD,GL82,0.6584688250687885
RCD,GL82,0.8255379840132475
RCD,GL82,0.9048810506528677
RCD,GL82,0.8779951259847115
RCD,GL82,0.8374402704782343
RCD,GL82,0.8707073228850083
RCD,GL82,0.8414866288237786
RCD,GL82,0.9207285360403543
RCD,GL82,0.9018357173741847
RCD,GL82,0.8473563251848036
RCD,GL82,0.8513873222259525
RCD,GL82,0.9390437658770561
RCD,GL82,0.8849590164408114
RCD,GL82,0.8208238061580485
RCD,GL82,0.9266195877635286
RCD,GL82,0.8329740614543537
RCD,GL82,0.9383818838964055
RCD,GL82,0.9227805178151477
RCD,GL82,0.9242344378901417
RCD,GL82,0.8611788198771249
RCD,GL82,0.8070275269518864
RCD,GL82,0.7967171906703308
RCD,GL82,0.8821606760673414
RCD,GL82,0.8989216113889154
RCD,GL82,0.8401411687000157
RCD,GL82,0.8192372469376031
RCD,GL82,0.8537482653915114
RCD,GL82,0.8598923021277484
RCD,GL82,0.8013504133188211
RCD,GL82,0.9048441058306388
RCD,GL82,0.8067585749967037
RCD,GL82,0.9339885890159717
RCD,GL82,0.8221432398348042
RCD,GL82,0.8704738827552907
RCD,GL82,0.8829306874352332
RCD,GL82,0.758424490844872
RCD,GL82,0.8653308707560149
RCD,GL82,0.9016978209155586
RCD,GL82,0.8018521715795031
RCD,GL82,0.8096735101817326
RCD,GL82,0.792076971742872
RCD,GL82,0.835902279789653
RCD,GL82,0.9255994806372156
RCD,GL82,0.8557714400893341
RCD,GL82,0.88567139052701
RCD,GL82,0.8360013290591307
RCD,GL82,0.8853723198207742
RCD,GL82,0.8091754730298977
RCD,GL82,0.8611368703801998
RCD,GL82,0.872867486767641
RCD,GL82,0.9581331285561242
RCD,GL82,0.883976590312783
RCD,GL82,0.8434223485797318
RCD,GL82,0.9111860318080762
RCD,GL82,0.9195796622958307
RCD,GL82,0.82382607112347
RCD,GL82,0.8667574229510898
RCD,GL82,0.9290641979974558
RCD,GL82,0.8680891655123554
RCD,GL82,0.7641010540634708
RCD,GL82,0.8923176223882023
RCD,GL82,0.8488071275581984
RCD,GL82,0.8809870240968596
RCD,GL82,0.8371089032248132
RCD,GL82,0.8830562904191682
RCD,GL82,0.8800509039706871
QI,GL82,0.9167397959994023
QI,GL82,0.910431706461509
QI,GL82,0.9083047661989759
QI,GL82,0.9195141735420898
QI,GL82,0.8078073619215583
QI,GL82,0.8534806979874482
QI,GL82,0.9022259835077857
QI,GL82,0.861671910682269
QI,GL82,0.9240890935714949
QI,GL82,0.9275316082168914
QI,GL82,0.9402032299464225
QI,GL82,0.9271328645311322
QI,GL82,0.9141267250181989
QI,GL82,0.8797015867723248
QI,GL82,0.9140821870453476
QI,GL82,0.8824611520999297
QI,GL82,0.8743098489251446
QI,GL82,0.8960500348334888
QI,GL82,0.9378162722477146
QI,GL82,0.8867845044950357
QI,GL82,0.9152321439530877
QI,GL82,0.8062190206867547
QI,GL82,0.8490812700353111
QI,GL82,0.8322665288144165
QI,GL82,0.92031993899979
QI,GL82,0.9295043254873088
QI,GL82,0.9070794881821534
QI,GL82,0.8976745512271264
QI,GL82,0.8865340700621714
QI,GL82,0.8989938957322233
QI,GL82,0.9472895601028608
QI,GL82,0.8483774601657019
QI,GL82,0.9131540134889267
QI,GL82,0.9127227515011045
QI,GL82,0.9145075338423286
QI,GL82,0.892669129675
QI,GL82,0.9134131451241789
QI,GL82,0.8610642018611675
QI,GL82,0.9548239665077327
QI,GL82,0.8990287739425046
QI,GL82,0.9273732239029854
QI,GL82,0.8936826846359279
QI,GL82,0.9819527931630282
QI,GL82,0.9644842336781093
QI,GL82,0.7985688070297592
QI,GL82,0.8413837744219408
QI,GL82,0.8459782218823785
QI,GL82,0.8465895549438238
QI,GL82,0.848056780050885
QI,GL82,0.9381485592671472
QI,GL82,0.9425876652317997
QI,GL82,0.9463160617220963
QI,GL82,0.9030138510236175
QI,GL82,0.8647955338514378
QI,GL82,0.9007623401077898
QI,GL82,0.9009984614569307
QI,GL82,0.9135671710858628
QI,GL82,0.9170760006350828
QI,GL82,0.9247422322804087
QI,GL82,0.9461702307844384
QI,GL82,0.9488668609538945
QI,GL82,0.9182206545572834
QI,GL82,0.9661708809362436
QI,GL82,0.9832876504201913
QI,GL82,0.9522889872665158
QI,GL82,0.9235191354389032
QI,GL82,0.9341912450899508
QI,GL82,0.9017109558477565
QI,GL82,0.8732219987567684
QI,GL82,0.892471898653604
QI,GL82,0.8997511642842005
QI,GL82,0.9132470182159343
QI,GL82,0.9007111350953746
QI,GL82,0.9258240999283764
QI,GL82,0.9149224805111115
QI,GL82,0.9449310756075519
QI,GL82,0.7955107122367581
QI,GL82,0.7174828758893275
QI,GL82,0.6301092288519288
QI,GL82,0.8244924884307936
QI,GL82,0.9816774469931434
QI,GL82,0.9568043981625267
QI,GL82,0.942200119769572
QI,GL82,0.9707525583516305
QI,GL82,0.8592824489764453
QI,GL82,0.8926129809132798
QI,GL82,0.8666427967077092
QI,GL82,0.9297847208645437
QI,GL82,0.9272735708211798
QI,GL82,0.9086276835009529
QI,GL82,0.925692579422226
QI,GL82,0.8831873277668268
QI,GL82,0.8742942023384523
QI,GL82,0.861218805213385
QI,GL82,0.9167160228398645
QI,GL82,0.9033647769920964
QI,GL82,0.9521129335334814
QI,GL82,0.9707543140418717
QI,GL82,0.90921327523327
QI,GL82,0.8712854630347324
QI,GL82,0.8723288036150352
QI,GL82,0.8662469601772282
QI,GL82,0.8490146212178981
QI,GL82,0.8100956963836319
QI,GL82,0.8992831886160922
QI,GL82,0.952490142298762
QI,GL82,0.9273168662595251
QI,GL82,0.9548616636730842
QI,GL82,0.9396509459278108
QI,GL82,0.8880297913028486
QI,GL82,0.9216646212849694
QI,GL82,0.906213326818621
QI,GL82,0.8833327870027541
QI,GL82,0.8683774146657144
QI,GL82,0.924644026531594
QI,GL82,0.9433704690046708
QI,GL82,0.7773618511874489
QI,GL82,0.8712733876316614
QI,GL82,0.8429001709330656
QI,GL82,0.90793880162375
QI,GL82,0.9252000592767001
QI,GL82,0.9251238711280686
QI,GL82,0.9186502437607182
QI,GL82,0.951753538719354
QI,GL82,0.8550351649222602
QI,GL82,0.7341773585386727
QI,GL82,0.850829798097824
QI,GL82,0.8806943522184296
QI,GL82,0.9192936254136973
QI,GL82,0.8771773851468666
QI,GL82,0.9172186255907161
QI,GL82,0.8904323968095122
QI,GL82,0.8909466878658826
QI,GL82,0.8476595525194808
QI,GL82,0.8905982584792617
QI,GL82,0.9458006386163172
QI,GL82,0.9134671556804492
QI,GL82,0.7023595207106176
QI,GL82,0.8756748439322606
QI,GL82,0.8547997962125152
QI,GL82,0.8443930791814157
QI,GL82,0.8879603011139823
QI,GL82,0.901275750656588
QI,GL82,0.8904964981785947
RFCA,GL82,0.8990240993780985
RFCA,GL82,0.8970224127176692
RFCA,GL82,0.892338739174125
RFCA,GL82,0.9226621627670878
RFCA,GL82,0.815987132000454
RFCA,GL82,0.8418707896779605
RFCA,GL82,0.9062790956313309
RFCA,GL82,0.8924425391113239
RFCA,GL82,0.9053879821688267
RFCA,GL82,0.8698363894946347
RFCA,GL82,0.8925546547324362
RFCA,GL82,0.9128286655066569
RFCA,GL82,0.9540548390825553
RFCA,GL82,0.90000561712662
RFCA,GL82,0.9599658681210235
RFCA,GL82,0.7996004713144768
RFCA,GL82,0.8665393666737077
RFCA,GL82,0.9086594430324794
RFCA,GL82,0.9586609836030148
RFCA,GL82,0.8849074705859793
RFCA,GL82,0.8505662981977427
RFCA,GL82,0.7448759474814982
RFCA,GL82,0.8820812183206254
RFCA,GL82,0.8489903300196412
RFCA,GL82,0.8780065226102337
RFCA,GL82,0.9239690134577582
RFCA,GL82,0.8860166143353577
RFCA,GL82,0.8891353866149818
RFCA,GL82,0.8323182993925341
RFCA,GL82,0.8910735934354725
RFCA,GL82,0.9470781075520974
RFCA,GL82,0.8405218743820182
RFCA,GL82,0.9263561566153856
RFCA,GL82,0.9462767082952198
RFCA,GL82,0.923341129184845
RFCA,GL82,0.9442122422581344
RFCA,GL82,0.9256887313337773
RFCA,GL82,0.8497692297405349
RFCA,GL82,0.9212900140096458
RFCA,GL82,0.9038165537265069
RFCA,GL82,0.9147022983834416
RFCA,GL82,0.9029754951932599
RFCA,GL82,0.9856404800041451
RFCA,GL82,0.9717957665251503
RFCA,GL82,0.8001766289809719
RFCA,GL82,0.847938372160374
RFCA,GL82,0.80513067945451
RFCA,GL82,0.868540022652548
RFCA,GL82,0.8507039221999539
RFCA,GL82,0.9399951536095755
RFCA,GL82,0.9389375563442154
RFCA,GL82,0.9627510695624485
RFCA,GL82,0.9251430463398879
RFCA,GL82,0.8892176138474069
RFCA,GL82,0.9219704216726734
RFCA,GL82,0.9132161998940304
RFCA,GL82,0.9028870738476255
RFCA,GL82,0.8736814454186022
RFCA,GL82,0.9166790589034527
RFCA,GL82,0.9351737638984765
RFCA,GL82,0.9194445481623847
RFCA,GL82,0.8990628908599205
RFCA,GL82,0.9688140263588979
RFCA,GL82,0.9309581664784266
RFCA,GL82,0.942956306731023
RFCA,GL82,0.9184912515856777
RFCA,GL82,0.9454668416327351
RFCA,GL82,0.9105080558255446
RFCA,GL82,0.8808711309645996
RFCA,GL82,0.9069648478018302
RFCA,GL82,0.9040422805387394
RFCA,GL82,0.9184385558639163
RFCA,GL82,0.8854480196586308
RFCA,GL82,0.8988029900825699
RFCA,GL82,0.8515731599201103
RFCA,GL82,0.8501175578640724
RFCA,GL82,0.7728083681539742
RFCA,GL82,0.6600955859895946
RFCA,GL82,0.603458955749495
RFCA,GL82,0.7635233054644647
RFCA,GL82,0.9573681771084323
RFCA,GL82,0.9643357798043447
RFCA,GL82,0.9238005572626329
RFCA,GL82,0.9378066854048777
RFCA,GL82,0.920479568862179
RFCA,GL82,0.9237648356339471
RFCA,GL82,0.8688706688823928
RFCA,GL82,0.9196069404925566
RFCA,GL82,0.9158016803131843
RFCA,GL82,0.8962922225783844
RFCA,GL82,0.9117582160067043
RFCA,GL82,0.8464709586212061
RFCA,GL82,0.9063752611178738
RFCA,GL82,0.8724984222967612
RFCA,GL82,0.9329686774132308
RFCA,GL82,0.9122059833779729
RFCA,GL82,0.9618459812330757
RFCA,GL82,0.9355348425583159
RFCA,GL82,0.8932729697534784
RFCA,GL82,0.846697106147118
RFCA,GL82,0.8952685065902495
RFCA,GL82,0.8500905844402882
RFCA,GL82,0.8497701747871791
RFCA,GL82,0.8318649194749643
RFCA,GL82,0.9153211852378648
RFCA,GL82,0.9335276178593752
RFCA,GL82,0.9014966092526836
RFCA,GL82,0.9357625036452593
RFCA,GL82,0.8896454964625962
RFCA,GL82,0.9039706025720387
RFCA,GL82,0.8896181121175281
RFCA,GL82,0.9110999452114458
RFCA,GL82,0.8783965406255612
RFCA,GL82,0.773919350320712
RFCA,GL82,0.8696030353181924
RFCA,GL82,0.9131452854745769
RFCA,GL82,0.804202157321261
RFCA,GL82,0.8529481209923012
RFCA,GL82,0.8721270273446118
RFCA,GL82,0.90129740724339
RFCA,GL82,0.9413851107983239
RFCA,GL82,0.9080309326786636
RFCA,GL82,0.9348605625568612
RFCA,GL82,0.9567059431722896
RFCA,GL82,0.8867361345080115
RFCA,GL82,0.7620109350098424
RFCA,GL82,0.8594423025002326
RFCA,GL82,0.9033906572628048
RFCA,GL82,0.9398156807225563
RFCA,GL82,0.8866024781394665
RFCA,GL82,0.9281340981942479
RFCA,GL82,0.9035375285690622
RFCA,GL82,0.9188025620350017
RFCA,GL82,0.8337562951073408
RFCA,GL82,0.8924962387111596
RFCA,GL82,0.9587655947396808
RFCA,GL82,0.9037682900030694
RFCA,GL82,0.7185157889173729
RFCA,GL82,0.8644727455052971
RFCA,GL82,0.882172728650259
RFCA,GL82,0.8685882414647269
RFCA,GL82,0.901496833091647
RFCA,GL82,0.89909123825091
RFCA,GL82,0.9080907469228147
GUO,GL82,0.7871256169992401
GUO,GL82,0.7928653526552686
GUO,GL82,0.46310332667825804
GUO,GL82,0.7799182798962232
GUO,GL82,0.6642137643038311
GUO,GL82,0.6535740796738048
GUO,GL82,0.9049472310318015
GUO,GL82,0.6531592346167642
GUO,GL82,0.7588743836650474
GUO,GL82,0.8474885943264842
GUO,GL82,0.8434251991689816
GUO,GL82,0.8724609120744945
GUO,GL82,0.7611701894328904
GUO,GL82,0.7377150627980059
GUO,GL82,0.7487355070792652
GUO,GL82,0.6670375611859096
GUO,GL82,0.7845179312198252
GUO,GL82,0.9039031748559346
GUO,GL82,0.868317491965139
GUO,GL82,0.8646468169513377
GUO,GL82,0.7408412726825255
GUO,GL82,0.7831499784588755
GUO,GL82,0.8278537062213186
GUO,GL82,0.853341166614608
GUO,GL82,0.6699612080865519
GUO,GL82,0.9402445630399692
GUO,GL82,0.7427425738626091
GUO,GL82,0.8989381678500803
GUO,GL82,0.7256716905063183
GUO,GL82,0.8173996841718324
GUO,GL82,0.9261740805362922
GUO,GL82,0.7422097841911093
GUO,GL82,0.8574107021080768
GUO,GL82,0.8746270680099341
GUO,GL82,0.9262474395721412
GUO,GL82,0.9190979775712693
GUO,GL82,0.8927193017017911
GUO,GL82,0.7475697820333482
GUO,GL82,0.8250377837969206
GUO,GL82,0.874151477485505
GUO,GL82,0.9273508495249915
GUO,GL82,0.8752228321267366
GUO,GL82,0.9902538082063219
GUO,GL82,0.9768651114893216
GUO,GL82,0.8015086179569169
GUO,GL82,0.8084109310369387
GUO,GL82,0.7303761167480346
GUO,GL82,0.8386516120472719
GUO,GL82,0.6474081118053752
GUO,GL82,0.7241756141464486
GUO,GL82,0.7990151411494618
GUO,GL82,0.7551413420184219
GUO,GL82,0.6762178361293915
GUO,GL82,0.7940854428582039
GUO,GL82,0.7205881160708075
GUO,GL82,0.7510378357719407
GUO,GL82,0.8996397955850777
GUO,GL82,0.8557851654276958
GUO,GL82,0.8746398183581352
GUO,GL82,0.9425976828210194
GUO,GL82,0.8239344391461593
GUO,GL82,0.8326696834521672
GUO,GL82,0.8205633867421974
GUO,GL82,0.8250762212524086
GUO,GL82,0.9561413607983728
GUO,GL82,0.8852554397208865
GUO,GL82,0.8988420881821851
GUO,GL82,0.9191400187726538
GUO,GL82,0.8697782692095299
GUO,GL82,0.8868486559605434
GUO,GL82,0.8631963525432144
GUO,GL82,0.910660064701902
GUO,GL82,0.8391756012492719
GUO,GL82,0.9048475970179591
GUO,GL82,0.7084441058187628
GUO,GL82,0.6776212217334247
GUO,GL82,0.6306996121408432
GUO,GL82,0.6286451663235646
GUO,GL82,0.5823915504402745
GUO,GL82,0.6265005202421617
GUO,GL82,0.9167551574433526
GUO,GL82,0.8590141838919446
GUO,GL82,0.8734003909179925
GUO,GL82,0.79186776324942
GUO,GL82,0.754497293464425
GUO,GL82,0.8160543315208583
GUO,GL82,0.7217731896658928
GUO,GL82,0.8900900175577089
GUO,GL82,0.7406484464527758
GUO,GL82,0.9047645860167346
GUO,GL82,0.8138397569019181
GUO,GL82,0.8634819742750542
GUO,GL82,0.6989529405733991
GUO,GL82,0.7336311681129121
GUO,GL82,0.8230228721628516
GUO,GL82,0.9173975337128115
GUO,GL82,0.9066727449169307
GUO,GL82,0.7415430073766859
GUO,GL82,0.7937443525457563
GUO,GL82,0.7920337465666852
GUO,GL82,0.8342703797639812
GUO,GL82,0.7836477086451273
GUO,GL82,0.6353034274179984
GUO,GL82,0.7659492589778597
GUO,GL82,0.6835134950713986
GUO,GL82,0.6782178755848989
GUO,GL82,0.7883125460678636
GUO,GL82,0.9467453948696651
GUO,GL82,0.7484432129147108
GUO,GL82,0.8631062761794668
GUO,GL82,0.7229134357975047
GUO,GL82,0.8398107278897099
GUO,GL82,0.7863779839394097
GUO,GL82,0.5578322188982094
GUO,GL82,0.7235851715067446
GUO,GL82,0.7994071855499835
GUO,GL82,0.787871398690906
GUO,GL82,0.8244306065419866
GUO,GL82,0.802338337837781
GUO,GL82,0.9036067538782524
GUO,GL82,0.8201720171519982
GUO,GL82,0.9068791346361715
GUO,GL82,0.8829612382535719
GUO,GL82,0.8861202474550807
GUO,GL82,0.8524691767278074
GUO,GL82,0.7635314874841711
GUO,GL82,0.7957427204303933
GUO,GL82,0.8733466811275423
GUO,GL82,0.8343077572179932
GUO,GL82,0.8361836669431069
GUO,GL82,0.9244310665012191
GUO,GL82,0.9007516050143343
GUO,GL82,0.927069563228136
GUO,GL82,0.7660984826549238
GUO,GL82,0.6912387671722865
GUO,GL82,0.9593937153931342
GUO,GL82,0.8908384336507268
GUO,GL82,0.6800368074885987
GUO,GL82,0.8401525960839678
GUO,GL82,0.9047890312895278
GUO,GL82,0.8094965786413911
GUO,GL82,0.899278868013963
GUO,GL82,0.7904251702861834
GUO,GL82,0.820714485158011
GRECO,GL82,0.9219164272609549
GRECO,GL82,0.9074110314691235
GRECO,GL82,0.9051717660935172
GRECO,GL82,0.9249832411679998
GRECO,GL82,0.8643908586628014
GRECO,GL82,0.8548190150534392
GRECO,GL82,0.900790094223323
GRECO,GL82,0.8675582832384008
GRECO,GL82,0.9233019831762639
GRECO,GL82,0.92316983726339
GRECO,GL82,0.9248551667921232
GRECO,GL82,0.9238718939241642
GRECO,GL82,0.9182452774047819
GRECO,GL82,0.896207677014027
GRECO,GL82,0.9291868130361447
GRECO,GL82,0.6791651161237742
GRECO,GL82,0.8695997776449925
GRECO,GL82,0.8975439472180011
GRECO,GL82,0.9407765601094322
GRECO,GL82,0.8820114006352534
GRECO,GL82,0.9125727306154985
GRECO,GL82,0.7073519010120553
GRECO,GL82,0.8348712631864317
GRECO,GL82,0.8541137181809586
GRECO,GL82,0.9193423944621704
GRECO,GL82,0.9033051900804304
GRECO,GL82,0.8986554303027595
GRECO,GL82,0.8884124856428743
GRECO,GL82,0.902793611082855
GRECO,GL82,0.8877673067033051
GRECO,GL82,0.910122760999457
GRECO,GL82,0.8770925883099959
GRECO,GL82,0.9153584992704124
GRECO,GL82,0.9167129038647074
GRECO,GL82,0.8957050433514324
GRECO,GL82,0.8924134817270055
GRECO,GL82,0.9154598270333935
GRECO,GL82,0.8719079301673031
GRECO,GL82,0.9480675636699875
GRECO,GL82,0.8845521613870538
GRECO,GL82,0.9257508325181137
GRECO,GL82,0.8900651885002271
GRECO,GL82,0.9750624954497681
GRECO,GL82,0.964331676151671
GRECO,GL82,0.8192965504010128
GRECO,GL82,0.872959101723638
GRECO,GL82,0.8608134007755479
GRECO,GL82,0.861530882430323
GRECO,GL82,0.842061463040028
GRECO,GL82,0.9351020989030311
GRECO,GL82,0.925851683452035
GRECO,GL82,0.9469655541233732
GRECO,GL82,0.8989445646384198
GRECO,GL82,0.8632154166876513
GRECO,GL82,0.9018209834764006
GRECO,GL82,0.8995788569317887
GRECO,GL82,0.9196725082249007
GRECO,GL82,0.9224930665392915
GRECO,GL82,0.9363788113924101
GRECO,GL82,0.9375635172019965
GRECO,GL82,0.9453580847735967
GRECO,GL82,0.9198992283568257
GRECO,GL82,0.9703540537320162
GRECO,GL82,0.9847916390374809
GRECO,GL82,0.9395020291645584
GRECO,GL82,0.915270016652183
GRECO,GL82,0.934000019842939
GRECO,GL82,0.9048735764285829
GRECO,GL82,0.8824224578284808
GRECO,GL82,0.9114817014152665
GRECO,GL82,0.8997851559921887
GRECO,GL82,0.9149722218425367
GRECO,GL82,0.9033807137031137
GRECO,GL82,0.9233054603243223
GRECO,GL82,0.9123081121294889
GRECO,GL82,0.9357540085640743
GRECO,GL82,0.8076398037904364
GRECO,GL82,0.6902736147441796
GRECO,GL82,0.61436177171135
GRECO,GL82,0.878154523481972
GRECO,GL82,0.9702309996736225
GRECO,GL82,0.9581383499600415
GRECO,GL82,0.933067543608519
GRECO,GL82,0.9636846157729949
GRECO,GL82,0.8713031288073914
GRECO,GL82,0.8937554350785293
GRECO,GL82,0.8689122861872376
GRECO,GL82,0.9405092305082402
GRECO,GL82,0.9289917996221468
GRECO,GL82,0.9190726284935203
GRECO,GL82,0.9226487757158737
GRECO,GL82,0.9099892729637615
GRECO,GL82,0.8760555586282133
GRECO,GL82,0.8733273243221484
GRECO,GL82,0.9244724117113957
GRECO,GL82,0.8945728165699538
GRECO,GL82,0.9298402854376675
GRECO,GL82,0.9719195670931089
GRECO,GL82,0.9102151663348652
GRECO,GL82,0.8788764380862677
GRECO,GL82,0.8848168628245605
GRECO,GL82,0.8692895857111383
GRECO,GL82,0.8581401881538044
GRECO,GL82,0.8037975097347594
GRECO,GL82,0.9056268916475726
GRECO,GL82,0.9490378189037544
GRECO,GL82,0.9275906800328146
GRECO,GL82,0.952041245517655
GRECO,GL82,0.9336035112877655
GRECO,GL82,0.8935775725802945
GRECO,GL82,0.9228489006712557
GRECO,GL82,0.9297939556009004
GRECO,GL82,0.9092966819737571
GRECO,GL82,0.8471610513936563
GRECO,GL82,0.9241338836717162
GRECO,GL82,0.9371139138972292
GRECO,GL82,0.8365714401148924
GRECO,GL82,0.8728595623106058
GRECO,GL82,0.8976660844687779
GRECO,GL82,0.9022588862424734
GRECO,GL82,0.9245740744331479
GRECO,GL82,0.9253334792608703
GRECO,GL82,0.9168542395062008
GRECO,GL82,0.9379550509996577
GRECO,GL82,0.8367652733940085
GRECO,GL82,0.8038593834292054
GRECO,GL82,0.8615344075787637
GRECO,GL82,0.9211396627041986
GRECO,GL82,0.8971426648026019
GRECO,GL82,0.8622171593131879
GRECO,GL82,0.9155597999430416
GRECO,GL82,0.8954266658431869
GRECO,GL82,0.8865693702907562
GRECO,GL82,0.8466383663395062
GRECO,GL82,0.8914451753687563
GRECO,GL82,0.947693714424826
GRECO,GL82,0.8374912183309878
GRECO,GL82,0.7784270109118606
GRECO,GL82,0.8786627630888161
GRECO,GL82,0.8363257410274764
GRECO,GL82,0.9152171512806491
GRECO,GL82,0.8853689334531486
GRECO,GL82,0.8944947619262517
GRECO,GL82,0.9243629642166173
NURUNNABI,GL82,0.7773208075377535
NURUNNABI,GL82,0.7968656608122872
NURUNNABI,GL82,0.7161374185911675
NURUNNABI,GL82,0.8568682958267624
NURUNNABI,GL82,0.7304321535723407
NURUNNABI,GL82,0.7350078916988271
NURUNNABI,GL82,0.8915343645081609
NURUNNABI,GL82,0.7342513071350688
NURUNNABI,GL82,0.7670073311332849
NURUNNABI,GL82,0.8523618361326867
NURUNNABI,GL82,0.8464992371048967
NURUNNABI,GL82,0.8824360992062023
NURUNNABI,GL82,0.884809789420382
NURUNNABI,GL82,0.8591813683317417
NURUNNABI,GL82,0.9200852684346046
NURUNNABI,GL82,0.7547009315263017
NURUNNABI,GL82,0.7827433132380096
NURUNNABI,GL82,0.8543586565880108
NURUNNABI,GL82,0.8969114573451694
NURUNNABI,GL82,0.8596234004201189
NURUNNABI,GL82,0.7601942595163245
NURUNNABI,GL82,0.7577472228872322
NURUNNABI,GL82,0.7993454800777707
NURUNNABI,GL82,0.8653118226439284
NURUNNABI,GL82,0.8568664519869843
NURUNNABI,GL82,0.9269639080008208
NURUNNABI,GL82,0.7904649187680602
NURUNNABI,GL82,0.873266088088779
NURUNNABI,GL82,0.797203518435961
NURUNNABI,GL82,0.8192981658560238
NURUNNABI,GL82,0.8905005576126452
NURUNNABI,GL82,0.7946466720781185
NURUNNABI,GL82,0.8883461896042364
NURUNNABI,GL82,0.8668444861757848
NURUNNABI,GL82,0.9267945940686305
NURUNNABI,GL82,0.9149014234500198
NURUNNABI,GL82,0.8970515006339855
NURUNNABI,GL82,0.7760506151501264
NURUNNABI,GL82,0.8424117931875769
NURUNNABI,GL82,0.8854857130596353
NURUNNABI,GL82,0.8873120161219215
NURUNNABI,GL82,0.8707380815609865
NURUNNABI,GL82,0.978512640696774
NURUNNABI,GL82,0.9254336505214299
NURUNNABI,GL82,0.7713590498570969
NURUNNABI,GL82,0.856127103379688
NURUNNABI,GL82,0.7331286393912229
NURUNNABI,GL82,0.8209817936710241
NURUNNABI,GL82,0.8459854848377417
NURUNNABI,GL82,0.7682908248116541
NURUNNABI,GL82,0.9032517427541072
NURUNNABI,GL82,0.8470812316670807
NURUNNABI,GL82,0.8951190281219575
NURUNNABI,GL82,0.9139530603506307
NURUNNABI,GL82,0.7769771659897823
NURUNNABI,GL82,0.815683071364963
NURUNNABI,GL82,0.8657218811192189
NURUNNABI,GL82,0.803172028400843
NURUNNABI,GL82,0.8976982832404259
NURUNNABI,GL82,0.896679493376477
NURUNNABI,GL82,0.8444152595239219
NURUNNABI,GL82,0.841057784865114
NURUNNABI,GL82,0.9119753829105133
NURUNNABI,GL82,0.8496799444474229
NURUNNABI,GL82,0.9117368302275236
NURUNNABI,GL82,0.884865344588169
NURUNNABI,GL82,0.9278498359527658
NURUNNABI,GL82,0.8744887847506895
NURUNNABI,GL82,0.8696064643738347
NURUNNABI,GL82,0.8625398127230357
NURUNNABI,GL82,0.8782813298658164
NURUNNABI,GL82,0.8805916867935892
NURUNNABI,GL82,0.8122909813873094
NURUNNABI,GL82,0.880257235169466
NURUNNABI,GL82,0.7786750222051346
NURUNNABI,GL82,0.8321590695227248
NURUNNABI,GL82,0.7319813387629879
NURUNNABI,GL82,0.6484655620524385
NURUNNABI,GL82,0.5901144593586624
NURUNNABI,GL82,0.7394109095456181
NURUNNABI,GL82,0.9167557097325085
NURUNNABI,GL82,0.8263441078976984
NURUNNABI,GL82,0.902985205523775
NURUNNABI,GL82,0.9124266439200014
NURUNNABI,GL82,0.812071802040149
NURUNNABI,GL82,0.843718040210436
NURUNNABI,GL82,0.7707509980211461
NURUNNABI,GL82,0.8992301427110386
NURUNNABI,GL82,0.763631957465159
NURUNNABI,GL82,0.8449600991115422
NURUNNABI,GL82,0.8251220753936243
NURUNNABI,GL82,0.83963790179592
NURUNNABI,GL82,0.8616148641307012
NURUNNABI,GL82,0.8984702957205154
NURUNNABI,GL82,0.9018223909239718
NURUNNABI,GL82,0.9183680076993932
NURUNNABI,GL82,0.9409527080944111
NURUNNABI,GL82,0.8326211353159357
NURUNNABI,GL82,0.8229390855002803
NURUNNABI,GL82,0.7754089936059133
NURUNNABI,GL82,0.8450246909857352
NURUNNABI,GL82,0.7986091346517634
NURUNNABI,GL82,0.7408623968596872
NURUNNABI,GL82,0.8003196017768778
NURUNNABI,GL82,0.7969895254563192
NURUNNABI,GL82,0.7865135311162823
NURUNNABI,GL82,0.8157978800572737
NURUNNABI,GL82,0.8419281995641998
NURUNNABI,GL82,0.7880656950829716
NURUNNABI,GL82,0.8874733321357489
NURUNNABI,GL82,0.7587790499463137
NURUNNABI,GL82,0.8320861505382654
NURUNNABI,GL82,0.856461509249226
NURUNNABI,GL82,0.7408387242537793
NURUNNABI,GL82,0.7709250890018173
NURUNNABI,GL82,0.8085003980381609
NURUNNABI,GL82,0.8016953011172577
NURUNNABI,GL82,0.8228522965120361
NURUNNABI,GL82,0.8075015303367429
NURUNNABI,GL82,0.895077758873004
NURUNNABI,GL82,0.8913588042225844
NURUNNABI,GL82,0.8793094115507668
NURUNNABI,GL82,0.9221698404240278
NURUNNABI,GL82,0.8821604116709418
NURUNNABI,GL82,0.9057974211714891
NURUNNABI,GL82,0.7594897141759371
NURUNNABI,GL82,0.8238198453771337
NURUNNABI,GL82,0.88827147514513
NURUNNABI,GL82,0.8488449647534035
NURUNNABI,GL82,0.8758298713330827
NURUNNABI,GL82,0.9234455770184273
NURUNNABI,GL82,0.9113191804969879
NURUNNABI,GL82,0.8977996471652492
NURUNNABI,GL82,0.7695977710639573
NURUNNABI,GL82,0.8249235640649597
NURUNNABI,GL82,0.9220956160791736
NURUNNABI,GL82,0.8790752930688324
NURUNNABI,GL82,0.6279550648868182
NURUNNABI,GL82,0.8223565565433507
NURUNNABI,GL82,0.8996143673594239
NURUNNABI,GL82,0.8360581002375398
NURUNNABI,GL82,0.8958336304775519
NURUNNABI,GL82,0.8365364836536175
NURUNNABI,GL82,0.8254625056961005
