Filename,GL70,GL72,GL74,GL76,GL78,GL80,GL82,GL84,GL86,Med3,Med5,Med7,Med9,Med11,Med13,Med15,Med17,Med19
05571583_2020023_Feet_L_S_0,0.8275419256821945,0.8415904929632998,0.8227772241628739,0.8316295394148678,0.8067357534950474,0.8165275577212695,0.8160800884823325,0.816192834810013,0.8216770864426155,0.6145399762965467,0.6674690017300038,0.7155970107325674,0.7781884369222749,0.7739059948122107,0.8093760838190612,0.7830025762118403,0.8204800820689988,0.8064767245035247
05571583_2020023_Feet_L_S_1,0.8491383534583216,0.8449214105090713,0.8807077155805473,0.8526249501285551,0.9109701053943842,0.8588477147494139,0.8517689584886559,0.8269963580553784,0.8935748412097162,0.6821786757487972,0.69503979545735,0.8343567705104954,0.8098343389320415,0.8057704270841529,0.8512153493698048,0.8241704713916972,0.8698816678962147,0.8079835279070767
05571583_2020023_Feet_L_S_2,0.8775959944430021,0.8107072612454861,0.832134276670546,0.8113792628258654,0.8197125076127728,0.8472675739071746,0.8625422915391748,0.8584062190804511,0.8393069195751994,0.7184214117148642,0.8100089949700859,0.8648711533520388,0.8453216860383641,0.8812596478807981,0.8185628137342084,0.8846599471038666,0.8290519129948861,0.7657761916039796
05571583_2020023_Feet_L_S_3,0.8357581962648731,0.9555343346049027,0.89286109641808,0.8717526728652801,0.8354478937017205,0.9054251702815359,0.9473623668633475,0.9297134000720001,0.8779848807646601,0.6738552605402854,0.7265961356510833,0.8450670177938101,0.8941079128550152,0.8459138043863663,0.8519975481971335,0.8441358838692162,0.7902734482061861,0.7630347205282814
05571583_2020023_Feet_R_S_0,0.686494956422469,0.7152175744489752,0.7479900698525369,0.7424712865483561,0.7623146301504482,0.7627751209917042,0.7692881016151353,0.7894687184482656,0.8433494854948804,0.665571375098146,0.665571375098146,0.7307255058193854,0.7947373708694964,0.8373478181982208,0.9172920034399017,0.8707551962271847,0.8274538529911458,0.8416527091823446
05571583_2020023_Feet_R_S_1,0.7924791720708875,0.8241249032301255,0.8710829519506463,0.8500217463034546,0.9028137664543411,0.916495349152576,0.8710829519506463,0.916495349152576,0.913002039394976,0.7899778319133273,0.8237741424131605,0.8693407353901825,0.894148628038453,0.9195224348013304,0.826209175963126,0.8185238929692173,0.7621036105546407,0.5709449336605387
05571583_2020023_Feet_R_S_2,0.962502732196062,0.8835623631259283,0.8423299492380498,0.8827529329964058,0.9382980960053275,0.7970533715783366,0.8101010108150738,0.8394491507254424,0.8148811640115466,0.8328762708622222,0.8366637263343376,0.9104325521729206,0.838949445838114,0.871005467430673,0.8060429572988695,0.7831447752168119,0.7255081480308185,0.609016540092327
05571583_2020023_Feet_R_S_3,0.766926054823821,0.7757996403438001,0.7747508567443104,0.7698399593949058,0.8314159356203847,0.8755144864868757,0.8759724963700204,0.889283672017154,0.8659735805216981,0.6625938624189007,0.761901088260872,0.8400553600791325,0.8362190733925227,0.8868099374211776,0.83849000357659,0.7680339353701229,0.7391983516222354,0.6007606518624001
05723258_20200601_Feet_L_S_0,0.8500198979578023,0.8490907565747428,0.8530597877135758,0.8049228736575162,0.8635256819685319,0.8416919738312546,0.8490907565747428,0.865672240987749,0.8270831786615147,0.7372562935299666,0.7616432286906945,0.8430701324196888,0.7877357907541911,0.8262901465113729,0.7931260556585448,0.8255292961806533,0.7128729366091732,0.5950934986435661
05723258_20200601_Feet_L_S_1,0.8701571815609219,0.9080438522520637,0.8237532782118253,0.8353008793329042,0.8562219064473118,0.8628083054729687,0.848338526389433,0.8257153486084334,0.8236990112808327,0.832218146174914,0.8330292998476402,0.867011890524311,0.8850595249488201,0.8834620860771355,0.8190430567671332,0.815521127436319,0.6732125146717212,0.6288353139039541
05723258_20200601_Feet_L_S_2,0.897718237274464,0.9019719016280923,0.9076218090488581,0.9016411775461238,0.8891525204565884,0.9120734948299127,0.8760819415436764,0.9010467485036032,0.8826836077857402,0.7967451879606858,0.8856915586127195,0.9025305845730395,0.8680332090377475,0.8584105441704903,0.8312442485366935,0.8612066648028107,0.791276424099361,0.7176516496153914
05723258_20200601_Feet_L_S_3,0.869687725739927,0.8809944106879628,0.864272997160447,0.8514973668754328,0.8780515932453528,0.9142695169401139,0.8657654276382457,0.8566314350112983,0.8621623198501458,0.8016481364988686,0.8876916453893566,0.9102805173870296,0.8800293475827857,0.827212385321314,0.8801731503771157,0.745902726536487,0.7580035311698126,0.677637179813004
05723258_20200601_Feet_R_S_0,0.9607999252007867,0.95268226873173,0.8701392945961514,0.8553463044039376,0.8541340009165876,0.89357036743649,0.8841675380771613,0.875103051508632,0.9484719803454706,0.7538106559517074,0.8354002809506451,0.8529237240980054,0.8357301659193288,0.7946792930237205,0.8771276870987369,0.7336827176730348,0.6993870460270538,0.5523225959678776
05723258_20200601_Feet_R_S_1,0.8960420596521779,0.9232144434306421,0.8720119278110106,0.9414702074509456,0.9414702074509456,0.9559363093856771,0.9422148982694663,0.8039796003602001,0.8043252969559014,0.7605403517842341,0.8548206956486737,0.9354430813087979,0.934072413685792,0.7968976087772675,0.8261759250344607,0.8048073101365943,0.7938121960021488,0.5491827138222357
05723258_20200601_Feet_R_S_2,0.9437033058571812,0.8431386161009373,0.8746497427914323,0.9207719391427782,0.9175666573942591,0.8661965594267717,0.9252972787005243,0.8595701121260924,0.903158782728588,0.7321268626305601,0.7739161577877305,0.8495980222185237,0.8207295429683558,0.9061374470175672,0.9199196895354437,0.888851716682932,0.8975476990761032,0.8450317302860888
05723258_20200601_Feet_R_S_3,0.8333524107174703,0.8974177679468444,0.872545740304254,0.892191427295617,0.8916573853635921,0.8741196907417598,0.8261384499566158,0.8556582307040559,0.736352125712965,0.6711812933276857,0.793985664329008,0.8747237285606623,0.8871194053350218,0.9209718586632837,0.796488648754734,0.7831587147864955,0.6420363248452274,0.5190799605674081
11156926_20200427_Feet_L_S_0,0.7147890629321098,0.7288522858049826,0.7699106358146737,0.7816587121371759,0.786185865507964,0.8174193388618236,0.8139915115425531,0.8277747121436645,0.856343003776612,0.6536232418994354,0.6123079301198646,0.7158652650595126,0.6798942525332634,0.7029411716680469,0.7616237005933593,0.8557225757426011,0.7826789138014764,0.7817312515157611
11156926_20200427_Feet_L_S_1,0.8004936698926699,0.7981390883711256,0.7947517084009411,0.7809560833881679,0.8538262400186775,0.8607906547297169,0.856095714491756,0.9092597208541512,0.9184670557912764,0.7190160242381519,0.8161547636522236,0.84540617855716,0.8434754756782012,0.8922438805779913,0.7840517606634572,0.7764776605388629,0.7207267334688261,0.6394058731774285
11156926_20200427_Feet_L_S_2,0.8294303282084798,0.8178881457235359,0.8506520753959277,0.8476676907509084,0.8677045031448927,0.8815353052771254,0.8689716502402325,0.8814598393922096,0.8759953059792565,0.7308776873870987,0.7998002116634754,0.8703394158282053,0.8588832530589675,0.8870810147663865,0.8559187802624325,0.7264116463770258,0.6010499728970691,0.5328411683084482
11156926_20200427_Feet_L_S_3,0.8225529522891929,0.8128809226213581,0.8457216656099461,0.8956004029105123,0.8219577348456838,0.8407405477802027,0.8088873230072889,0.8378800365069878,0.8006427675738089,0.68919063759417,0.727816576777363,0.8225853055206879,0.9120052352426099,0.8870533661508984,0.9016494474854958,0.918914793435438,0.8126176337863029,0.714522451792415
11156926_20200427_Feet_R_S_0,0.8686725551506694,0.8967968564654962,0.8783126908181743,0.9249663506195438,0.8711586623854415,0.9032038130030389,0.8974788060241848,0.8677323127347804,0.6554597304514028,0.8844278997483154,0.9248857572787046,0.8689315690269308,0.8636672184987979,0.7852897050723099,0.7025663953754042,0.5624992203104475,0.5471063942087021,0.46713171647230045
11156926_20200427_Feet_R_S_1,0.8722643471302013,0.834885669283701,0.8725380852731703,0.870814703229529,0.8522530448163701,0.8454337387686301,0.8417930993359067,0.7967623153437151,0.6915819806695372,0.8444954321372974,0.8346274051206226,0.8271857789689867,0.8517380700522572,0.7675920652849623,0.6849786458078612,0.5697337735723605,0.567684082187891,0.5052738159473386
11156926_20200427_Feet_R_S_2,0.8813035843761834,0.875882857765536,0.896773039995391,0.8266429796289314,0.861812707559638,0.8724288061864462,0.8419046530405967,0.7977883358069706,0.8301435287372241,0.8216720708477576,0.8667475561924981,0.8589808696069061,0.8297132468602524,0.7807470807808834,0.6730664274702973,0.6116741634061387,0.47465191343978974,0.5247593349558426
11156926_20200427_Feet_R_S_3,0.7770515708878777,0.8225383964890857,0.8342597883136698,0.8093561723521484,0.8462147297239879,0.8118661841836433,0.8479454298282639,0.8242237360799365,0.8121370769046234,0.8440201495130762,0.830055018990119,0.8394093559654805,0.8058484672497019,0.8076701028727461,0.8171096287705288,0.8222010458427095,0.7584625015153414,0.6493888382962014
12405045_2020023_Feet_L_S_0,0.7985666399013385,0.8119592528751816,0.7842396936319975,0.801604566641986,0.8035938059306382,0.8523423985516131,0.8374947295168664,0.8389004747333721,0.8683002889985353,0.8770222785290441,0.8224348196784204,0.7707361899141649,0.7432644619611063,0.7553872948619146,0.6345719170931587,0.6436574321750423,0.5419600842831,0.39621010660602696
12405045_2020023_Feet_L_S_1,0.8408578715258661,0.8368988306784996,0.8268252226356906,0.8253038612015593,0.8942734389342009,0.8848425427015167,0.8457070660865712,0.8932502408906939,0.8952374901163866,0.7821414289620195,0.867186383360247,0.8694547427703029,0.7793606370481864,0.8127553606513296,0.7163948311874714,0.6678351379241529,0.5728228071511312,0.44683973518849696
12405045_2020023_Feet_L_S_2,0.8165638630937212,0.8208710250011135,0.8164977482959234,0.8545046744275411,0.8584727734687637,0.8483658020620961,0.8264913827598508,0.8235657422752279,0.8517996386185243,0.7564874738717279,0.7728522590346583,0.7533894586569564,0.7607833358095669,0.6888688892968089,0.6548217543419546,0.5965906574986201,0.5685539615722534,0.39906710455797945
12405045_2020023_Feet_L_S_3,0.8743226992404873,0.8844184798154008,0.8898729070268082,0.8373992199604047,0.8617548199102318,0.8561807461436111,0.8217643237780992,0.8521958516566176,0.8298331030301538,0.856737702843635,0.7859501948628791,0.728240810710022,0.7573596004283241,0.7495295677698954,0.6789996977484176,0.5650299818573058,0.46332458512299074,0.4937476685958571
12405045_2020023_Feet_R_S_0,0.7554240161757776,0.7387157374017057,0.7852782704569731,0.783299697513531,0.8053720313911956,0.799164774112494,0.8019056876090572,0.8221660655563876,0.7855579861284554,0.718512054978281,0.748893875594804,0.7897119213350149,0.8420064792483289,0.8693385876624964,0.8575675405604873,0.896274298450638,0.6567217787251759,0.6432381499445027
12405045_2020023_Feet_R_S_1,0.8315930236572084,0.8335938717795217,0.8615331076801956,0.8376764345425554,0.8626375402265898,0.8303611567083188,0.861494357861056,0.8830170570897891,0.831014029798346,0.6967902433205131,0.7608001162646018,0.8198548076561105,0.7831603002099414,0.8042864881350819,0.8162144515407858,0.7692280083280056,0.7027001805807188,0.6137192109687223
12405045_2020023_Feet_R_S_2,0.8626928654146697,0.8710785314103958,0.8338569927909263,0.8970291146694469,0.8970291146694473,0.88832265203076,0.8990822326239148,0.8728602501915822,0.9217521087122051,0.7283689966597028,0.7779566164304087,0.7627736883392601,0.8034721379955176,0.8840163115438516,0.9343247846395297,0.808256559715735,0.7906606573645112,0.7702434227948028
12405045_2020023_Feet_R_S_3,0.7715819229198525,0.7614633175977095,0.7750768986710082,0.8073520616011246,0.8164712297892891,0.8187021949264558,0.8225310817329715,0.829263047992101,0.8232219379260541,0.7568809229557119,0.7611639337872246,0.8141958472068264,0.8738912793230352,0.9130365483362529,0.9730624724015409,0.8243692494005912,0.693762078249401,0.633180021916447
14923392_20200622_Feet_L_S_0,0.8315226718407862,0.8844712285499453,0.8603892463702312,0.8844712285499453,0.8874794717909503,0.8862712724364487,0.8891316298426536,0.9331042975504258,0.9320130738662293,0.8051234492672745,0.9272985013613348,0.8956983914764918,0.9282290083599843,0.8497742542979887,0.7081914478197183,0.810407241248595,0.7016078320262252,0.6395165437511917
14923392_20200622_Feet_L_S_1,0.84842727281865,0.847552589756764,0.9135413725975473,0.8874623142637892,0.8889064550032546,0.9462554016296525,0.9390994949949948,0.9317308542942472,0.9383804982855602,0.9097547178517902,0.8837947726505693,0.922318822856069,0.9134710208527415,0.9268817916603397,0.8789176950825439,0.8191984747936023,0.8103125418052215,0.7334173815792742
14923392_20200622_Feet_L_S_2,0.9135741344136772,0.9239730321946047,0.9182438118750569,0.919872689537949,0.9239730321946047,0.8916992175877776,0.8913654150270031,0.9454122953563626,0.954038510105251,0.7812984724807935,0.8401130144013758,0.8529557461831297,0.9311446019957254,0.8880166997181519,0.878280038166495,0.8904836589326229,0.8291736746441332,0.7265737049556701
14923392_20200622_Feet_L_S_3,0.9151023079709275,0.8796631134849217,0.9139439096810501,0.9140728026801282,0.9197000464249531,0.9042526880089337,0.9342519510365571,0.8796392889705856,0.9183677206945927,0.8004720460236248,0.9280562428236545,0.8673141904668191,0.9492635638826514,0.881207682030034,0.934520689904143,0.8877545793114147,0.8598158036943447,0.7350918196625701
14923392_20200622_Feet_R_S_0,0.8887718629829645,0.8887718629829645,0.8887718629829645,0.8795021520332278,0.9138403835209414,0.8370431584179984,0.9222616650869082,0.8791537078099376,0.8722593212795611,0.8195606890960805,0.8368758770651407,0.8372220722984135,0.9361072842644335,0.9611420655565124,0.9294030552219602,0.8830601881324319,0.7630236671476556,0.7441667055122893
14923392_20200622_Feet_R_S_1,0.7545000881108391,0.7962409880425751,0.7994371246352172,0.8081461451305952,0.810802124589099,0.8086204143681717,0.7881949270296673,0.8000871742963095,0.7865435607547513,0.7988273911483236,0.8286216597031189,0.8439204499564926,0.8598730043382072,0.9026477728260117,0.8059522757028456,0.6345020499741971,0.6773564909427091,0.648946261525208
14923392_20200622_Feet_R_S_2,0.8527656275192592,0.844565861409342,0.8113069276197931,0.8202707382157768,0.8875275875490255,0.8711198768940095,0.8496515769344029,0.8243582899350144,0.7821426667165107,0.7553138493182485,0.7947360467553404,0.7974037913199767,0.8327069344179997,0.8699177316313852,0.7880669054279659,0.769531685707718,0.6083027073767687,0.5294340490999625
14923392_20200622_Feet_R_S_3,0.8026750705115522,0.9049474086371734,0.8930350927720443,0.8854639288115396,0.897667649040799,0.8844547867185424,0.9000738915263304,0.9251101566419799,0.9362775426727517,0.7609360703346542,0.8275729286522866,0.8788164221138616,0.9216138674975496,0.9534041560102453,0.8507691944423061,0.7728361303265022,0.6587800749461127,0.5252965900625484
23839779_20200420_Feet_L_S_0,0.8066884874610346,0.82792551940614,0.8275737879785713,0.8609579326060244,0.8607331143245517,0.857155899822791,0.867481654515174,0.8226453167538208,0.8653280432484145,0.8000805282254059,0.8257994864763655,0.908403602103641,0.9315526252419315,0.8828147577585916,0.9259895423091292,0.8182694456158394,0.7793905165413721,0.7855767004373044
23839779_20200420_Feet_L_S_1,0.8439556680701242,0.8296314454287556,0.8533618288995947,0.8789121051007696,0.9056964802311124,0.8816872209343524,0.8825676117917596,0.8946170520686886,0.9636667230119185,0.8491782615451413,0.8980673459726404,0.9117686305351038,0.9046673876199518,0.9237726210349677,0.8802488838323009,0.7850543240872373,0.7944738749263804,0.7308622924765629
23839779_20200420_Feet_L_S_2,0.9041487909235801,0.8663158503073395,0.9320317107564015,0.9184419670537559,0.9191846182833636,0.8650208603348185,0.9232453403759191,0.9300448534350617,0.9247889776691529,0.8806851225303379,0.9033795638185572,0.8816517323789854,0.9012863918598943,0.9306947802712148,0.8553358687135796,0.8318816760518574,0.7974176732003685,0.676516558653011
23839779_20200420_Feet_L_S_3,0.8547653114599251,0.8950853827389849,0.8736797371063665,0.9847576171912379,0.9703912319461909,0.9515692633307811,0.9382336926827378,0.9697413028875085,0.9363139769715946,0.7803059912886386,0.919593731830729,0.9212058644143748,0.9361872885498418,0.8880631320579921,0.9235193368815902,0.8866767349336504,0.7927316114082139,0.6919704360990278
23839779_20200420_Feet_R_S_0,0.7203621205287396,0.7392917666203115,0.7529325782576805,0.6927715502041728,0.718234624824299,0.7123990094110509,0.7724592477201878,0.7776344938426525,0.7983953759093453,0.6474091365681195,0.7204389604975376,0.7621038614993572,0.7702582551787021,0.907723356801675,0.7304580884487061,0.8112467615848858,0.7141561221066933,0.612069612806922
23839779_20200420_Feet_R_S_1,0.861059444235154,0.782650162196977,0.8673687299753795,0.8296597028419586,0.7820436376199867,0.8923621526290694,0.7776928270030773,0.8962649505097413,0.9018820700795583,0.6916845760506365,0.7361155419127752,0.8391713311617659,0.9086492535204791,0.9448746971182458,0.8705950897822994,0.7825256572017955,0.6618132731430232,0.5930651598170328
23839779_20200420_Feet_R_S_2,0.8054038581554053,0.8011952244432436,0.7933337420663996,0.7582175152921219,0.7704835042061882,0.7514602325017552,0.7590244057909035,0.7397002061607338,0.7590244057909035,0.6172166666889625,0.6330144304144198,0.6096915133880254,0.7599813392971688,0.7900833216513337,0.7912403167738876,0.7276681608313867,0.6492402317910762,0.4690967746850242
23839779_20200420_Feet_R_S_3,0.7726057050650426,0.8572980459525369,0.8648480838201217,0.8195173567870649,0.8336650484009369,0.8411494654390893,0.7942108553938189,0.828040344200423,0.8352894303284921,0.7198841097536715,0.7396650349355481,0.7971350148448992,0.7863820932776996,0.7826511110890731,0.7862497280099033,0.6684531181058373,0.5527202008628079,0.534168375211328
24918068_20200413_Feet_L_S_0,0.7805721110204482,0.7844965899458327,0.8349822830911047,0.8460724600548724,0.8447850071818912,0.8824343680864308,0.8809087442843849,0.8609293516682646,0.9085084491856231,0.7868028417008595,0.786383671412489,0.855534246216353,0.9201814261688417,0.8999226178501565,0.9265006524779751,0.806503890777052,0.8066160530267962,0.7625689796103596
24918068_20200413_Feet_L_S_1,0.8659149178874145,0.8743116297350721,0.8011066097080222,0.8404780708891496,0.8978240926121894,0.887454326052702,0.9275279161816408,0.9401367877684215,0.9431189451954888,0.8306797815207492,0.8526118060651974,0.8489005208269654,0.8786165473118506,0.8918551162519979,0.9582567207894466,0.8988478073182828,0.8840925510492502,0.7337974096616215
24918068_20200413_Feet_L_S_2,0.8687907019988219,0.8559632151987476,0.861336291541024,0.9127903042746924,0.8926341634348919,0.876070561508359,0.9003191616487204,0.9558726316772144,0.9242546795568689,0.811623967841773,0.8674621518950647,0.9011330046792042,0.9078580867562086,0.9073384337794651,0.8998146554877827,0.8646341046239893,0.7797875943934758,0.7626506634370392
24918068_20200413_Feet_L_S_3,0.8708974319591212,0.8643192676747539,0.8747161872776605,0.8847379611206899,0.8920441196828321,0.8963117043954522,0.919243306396632,0.9332440182109025,0.920279475157412,0.8661456204041614,0.9357782870330015,0.9472169651172815,0.9069936732389918,0.8541376850650022,0.8227742133548788,0.8121833045458048,0.8357443094806606,0.7141072596925535
24918068_20200413_Feet_R_S_0,0.8497407324258726,0.9284716362210235,0.9134558295937127,0.8994248966085903,0.9488810585316281,0.9314359445541528,0.9309383243260252,0.9342010060013509,0.9462934587853776,0.8122535267315573,0.8325546433162264,0.9112849326937638,0.9440983466022684,0.8618379601365421,0.8459870308429511,0.7810900722253556,0.6837115182092588,0.6269327070084896
24918068_20200413_Feet_R_S_1,0.8520511450189296,0.8889669945413854,0.8237651335728082,0.8346238046254661,0.8322970512346956,0.8586447661210215,0.8600000962212928,0.8659905839233663,0.9035301772663602,0.8281134481010977,0.7807604217473686,0.8804915629791146,0.9033593742701856,0.8957158697595988,0.8926936508196214,0.8021134169778041,0.8036413803049177,0.7217311011778007
24918068_20200413_Feet_R_S_2,0.9158750494333072,0.8883814275862497,0.9415037787952082,0.8659795086497507,0.8959795203177762,0.8973602581921631,0.9076364495674926,0.8654757330931856,0.8624828196580557,0.8557935411401965,0.8549764877814447,0.8530579183067521,0.9198613340206926,0.9412669851734974,0.8585516212719244,0.8137888854794916,0.7852767882094593,0.7204400170079098
24918068_20200413_Feet_R_S_3,0.8657522747282876,0.8678499468220603,0.9046267047146552,0.9085056824184752,0.9073211884993282,0.940191136496216,0.8925970057190682,0.9279309505222463,0.905675865934058,0.7556791021850894,0.8121801478403726,0.8909207027942754,0.9214370215067829,0.9057461882110172,0.8795206232214432,0.8569031698788038,0.7246560005228572,0.6910379386429307
27342472_20200310_Feet_L_S_0,0.8529857899650031,0.9092668766300598,0.8875868732013313,0.9059084527853141,0.9020207973708217,0.9148413004527917,0.9080728301848852,0.9213643640312366,0.9282510411947343,0.8571189023944648,0.9175283202163331,0.9173087546950253,0.9132341931961538,0.8686786706874989,0.9034174213531405,0.8623329386957939,0.8146830851043839,0.8273214234257142
27342472_20200310_Feet_L_S_1,0.840037735278261,0.8717687875550383,0.848450739833084,0.8349814626031598,0.8541718871817426,0.8591074993022387,0.8435347164307507,0.8455725643968452,0.8577223801732191,0.8270605419630948,0.8454569149810508,0.8523347159049115,0.8441364043397078,0.8256767671835726,0.8282850423200898,0.7939714163175081,0.812237364445947,0.828057570324884
27342472_20200310_Feet_L_S_2,0.8267802158396941,0.8178149799110827,0.868820838931392,0.8802211409738017,0.8759300053467376,0.9005081904864128,0.8743314366324796,0.8786679876914816,0.8857999957031668,0.742418439671419,0.8349813456730126,0.8847804888720748,0.8861673358114627,0.8751571110171273,0.8397524079093649,0.8460419784126574,0.8267802158396941,0.8089597612854308
27342472_20200310_Feet_L_S_3,0.834900115261265,0.8363727514654116,0.8502838871131043,0.8338228805238523,0.8608303496762214,0.8837725966503137,0.8785895119070986,0.875685480239711,0.8763350952018714,0.8045902928717369,0.8749450929581444,0.8783040006343482,0.8575452274299208,0.8923083770861893,0.8774690749022824,0.8521075550237961,0.8034525949227496,0.7952306786782468
27342472_20200310_Feet_R_S_0,0.8903072171008338,0.8729036407670319,0.9211983163713623,0.8964094210312009,0.9141851542095976,0.8954259489836527,0.9197784018012151,0.9141851542095976,0.8783652563458197,0.6396806944616313,0.6689915314263486,0.7995867411669263,0.8246267056267425,0.8088266702455384,0.8472365613695025,0.7824862593753839,0.7700942756526364,0.7340072515630692
27342472_20200310_Feet_R_S_1,0.8755052846628664,0.8711633703182171,0.9230906680800719,0.8861318006181449,0.8842048163226843,0.8653500667328237,0.8510569500255355,0.8517781816662978,0.8274959011217397,0.5256336040233188,0.5084066225535566,0.5013753259986489,0.466128336950261,0.5077124397666853,0.5061186958074213,0.577428465563989,0.5561641501263768,0.7932619488362878
27342472_20200310_Feet_R_S_2,0.8796989892704221,0.8932676660611502,0.8862910632048923,0.9543670921746917,0.9032252305672918,0.8668858527553877,0.8755976080151066,0.89263910154077,0.8971594788958331,0.8462695380999526,0.8913947086536879,0.9139452219157695,0.9550809163080684,0.8527864276424219,0.798302952487056,0.8196243245900255,0.6964107888533763,0.7368740662333092
27342472_20200310_Feet_R_S_3,0.9269294400407998,0.9213007194714006,0.9186447527276472,0.9094779386159538,0.8903939154074181,0.908550404597188,0.9066067554766261,0.8557527733877635,0.8742420700938975,0.7190669631525197,0.7431534006098214,0.8322570698683436,0.8451614520170049,0.8718353925648574,0.8356114634110999,0.8011661784313031,0.7656891988325929,0.7326528797284344
28515479_20200629_Feet_L_S_0,0.8300514712487894,0.8336651282963264,0.8366406554997287,0.8332858579363945,0.9389319046826933,0.8267397139599411,0.8762058198884455,0.9327888139435982,0.9042490129568046,0.7663032127717668,0.818924968195628,0.8261027041048615,0.8937283550774916,0.8462415267823493,0.8805839577595099,0.8626773107775026,0.7237497152790316,0.7481220871980396
28515479_20200629_Feet_L_S_1,0.7978268070927431,0.7974256805707474,0.8274856663555008,0.8214983215887351,0.8262402697595742,0.8228511727236619,0.8244839460941369,0.849225774016316,0.8183520149804727,0.7610268380519293,0.8957856457259834,0.8653954411235245,0.891401155219091,0.9058048411853638,0.8954149243658377,0.8167076081745026,0.7384687290684584,0.70473209132074
28515479_20200629_Feet_L_S_2,0.8409584685010065,0.8502666453299552,0.8692773543176435,0.848743567038935,0.8658337224891286,0.9343195114181457,0.9343195114181457,0.9114513422729966,0.9192309658685829,0.7346098553734953,0.8318836446629498,0.8458559666335141,0.8501715020647741,0.874775321233775,0.8664785917254394,0.8814606271786454,0.9002596020397843,0.7794642651235656
28515479_20200629_Feet_L_S_3,0.7711995513235299,0.7371030777398658,0.8151901346240144,0.8151901346240144,0.8346460326692108,0.8348952107413333,0.8168327474239943,0.8346460326692108,0.8346460326692108,0.739891526121151,0.895864707592456,0.8708179529428359,0.9104040101203331,0.9632352213122898,0.846442493394463,0.8616821648387941,0.7676245999685988,0.6434109582466859
28515479_20200629_Feet_R_S_0,0.7777505699366523,0.838428685681251,0.8403128474169451,0.8524109447490739,0.8511170313516069,0.8161124695636635,0.8635975602352295,0.8531602411445661,0.8476137886460486,0.8060210510948904,0.8465098708955383,0.8469975675307743,0.8655417109975584,0.8479419795131582,0.8020463621556592,0.7608005762570182,0.5916148041970478,0.526309466333612
28515479_20200629_Feet_R_S_1,0.8702445282813477,0.8598443660561603,0.8667173714694887,0.8557743629451284,0.8098879309372596,0.8672607560624328,0.8298315123343116,0.9097318588434329,0.8797070238478546,0.8493245022604761,0.8718086490780247,0.9000519730565103,0.8957028688458503,0.8147842064836303,0.7534282307122175,0.6751178805742176,0.6737125455202123,0.5518607053264452
28515479_20200629_Feet_R_S_2,0.8488599165869242,0.882391484632092,0.8953504787267396,0.9065357780088109,0.8965232477569024,0.9097349218027319,0.9038070035800999,0.9097349218027319,0.8794323156113121,0.6313614051514538,0.7330158132419828,0.7562408300119297,0.7647440299290081,0.8076389262289201,0.7499968790548656,0.8537217385584178,0.6746641441768148,0.579864237675782
28515479_20200629_Feet_R_S_3,0.8387442187676457,0.8722985624565948,0.8723418577996628,0.8698030675679561,0.8684907927393085,0.8726940095872467,0.8450978444040564,0.883932500216757,0.8853667615019671,0.8001716231374176,0.7903330622050723,0.9085999431303204,0.8876227736337756,0.9007019394749161,0.8885322147066127,0.7970517957394999,0.7306727302486469,0.6177993281893754
29478252_20200608_Feet_L_S_0,0.8110685407092781,0.8181080587383237,0.939400586546076,0.8851585129873337,0.9041157484788176,0.8609852762922312,0.869928417079547,0.8235233322072556,0.8773765673175913,0.7967618299446578,0.8566337042703815,0.8506834973124611,0.8337638418113256,0.8647888132612113,0.8138594617178904,0.7390945884310679,0.7296627753418754,0.6302776930071714
29478252_20200608_Feet_L_S_1,0.831299623661782,0.852898420900945,0.8748583049494736,0.8267580022478845,0.8858454125909203,0.8772010545666655,0.8858454125909203,0.8840641604398124,0.8001929748460735,0.8661666875635239,0.9110221486333193,0.8996685490208159,0.821009473631931,0.8550169367625104,0.7738073162126594,0.7812861035608551,0.6369991960163063,0.6289686130485973
29478252_20200608_Feet_L_S_2,0.8433948259930136,0.8185077564581426,0.8172550764413524,0.8386870539437898,0.8295525338498828,0.8179539168386881,0.8265335361316826,0.8458033098560436,0.8770744059566437,0.7862764655662563,0.8373964583961815,0.8624201609891843,0.946681743865189,0.9151890102720298,0.9255075783973445,0.9107396464896826,0.849651638465167,0.7892765397034284
29478252_20200608_Feet_L_S_3,0.9560707421834486,0.913960438230588,0.9071294579121129,0.9380337425011815,0.8700015980312006,0.9239388551229092,0.8870566809011914,0.8563055427701353,0.8834094065988809,0.7898508435726282,0.8241305142186306,0.9380337425011815,0.8244390910375207,0.8683262674863281,0.8836896695267106,0.6728927488002713,0.6223406353130234,0.6349824660932117
29478252_20200608_Feet_R_S_0,0.8068731958638604,0.8359357431803571,0.8208592913664317,0.831348851514456,0.7878845436856793,0.7877534846009132,0.7877727691444174,0.7975134372397323,0.736051392037946,0.7903953552665327,0.7711128078367513,0.8401189551516559,0.854956073856138,0.8328805085964754,0.8769573392514105,0.7846189818847941,0.6249733324671681,0.6208890484646072
29478252_20200608_Feet_R_S_1,0.7995932456853693,0.8194761025049998,0.8013118039358735,0.8546716476424957,0.763155884348821,0.7381749744515425,0.6916271978318287,0.5643867805204823,0.6467020314530129,0.828272834501776,0.8173335099915647,0.8193205604421427,0.7467726313655767,0.7907889019165756,0.6787771454207915,0.642317178541323,0.6160624176452758,0.48784440521174793
29478252_20200608_Feet_R_S_2,0.7582905483518975,0.8054932855813635,0.7412050213993625,0.7138318018753946,0.7304472198118525,0.7274045586598709,0.6785186107058769,0.5645586535530832,0.5412322508106072,0.8129027748770145,0.8054932855813635,0.8544462570567926,0.8145307620847706,0.7277978510596022,0.7184448186653712,0.673644552599624,0.5891528235817883,0.5313167295543049
29478252_20200608_Feet_R_S_3,0.852671506758309,0.8998469979370461,0.8317108869659162,0.8643485962655655,0.8907325269325251,0.8704291905050779,0.8907325269325251,0.7357790943614074,0.657425268586979,0.8573306073801708,0.866396195752054,0.8543977163207724,0.7837025661837578,0.7623418403725712,0.7027816412275063,0.6435704940260377,0.6009734844554343,0.49026475458291396
30804199_20200406_Feet_L_S_0,0.8580523554095314,0.8529288005314849,0.879646147701157,0.8991657814780246,0.8759533988141255,0.9048810506528677,0.9073964511513178,0.861145898723809,0.9152173926834065,0.8541383776386966,0.8581610536755397,0.8673148652646858,0.8083906103423452,0.8658509363992691,0.7631884377605451,0.758285819294943,0.6271720456369544,0.5955084963595139
30804199_20200406_Feet_L_S_1,0.8545219681027526,0.878157271202191,0.880429604293931,0.8854513631634771,0.8820095516671439,0.887269718876082,0.8753228568927717,0.8738816895741869,0.9326718752196124,0.7741486987450624,0.8616487601560071,0.888217760446201,0.8681676224467423,0.8294762953100662,0.817429506223305,0.793426118176248,0.8348451387567694,0.7291068015852642
30804199_20200406_Feet_L_S_2,0.8691571742662111,0.8388652661434338,0.8228504206168354,0.8393837878188086,0.8481836872951702,0.8342345605687506,0.8465607617717567,0.9205205063848413,0.8759312298379023,0.8248480022240178,0.9020707494187123,0.857309969042303,0.8168507110221037,0.8819488056884605,0.8115944621762011,0.7244017548839105,0.8306199666931204,0.6538113784437318
30804199_20200406_Feet_L_S_3,0.8303624212189572,0.8240641352686998,0.8182528484173149,0.8681089748376498,0.8715619752817622,0.841354445912017,0.8487515184191385,0.8378630546898405,0.8354128131992209,0.773889200225072,0.8484115466288161,0.8286842984668595,0.8452643119533154,0.891607770844499,0.9216265399149045,0.808730614601346,0.7137828136776623,0.6719808253424627
30804199_20200406_Feet_R_S_0,0.8398472260727405,0.891032172192544,0.8708753640695593,0.8759458689293917,0.8475421343715857,0.8718239653563407,0.9203451977098921,0.8754905224709256,0.920990086913362,0.7795082746388323,0.8516720985898367,0.8843022832636208,0.8448357197495017,0.8759458689293917,0.8227668358670429,0.7235780747490872,0.6287707732331035,0.5632276482249157
30804199_20200406_Feet_R_S_1,0.9378210697563552,0.8815846467715509,0.919084667610635,0.9392067772090412,0.9159932432799758,0.9557250308016518,0.9385414940794419,0.9479270527887679,0.9338782328558128,0.7227189466885384,0.8613702021137711,0.8579976146355021,0.9076381809047462,0.9599802889759536,0.9272849508918857,0.8210629780715872,0.7020688783443928,0.6377288258000644
30804199_20200406_Feet_R_S_2,0.8766585112181771,0.8654580396483276,0.8670109499336609,0.8965165736992543,0.9013687155756823,0.8836738065369591,0.8783552082969786,0.89288077759249,0.8771288887854624,0.7799331671244617,0.7939202996063555,0.9116972538339773,0.8753072494758976,0.863070345200909,0.8644545247389446,0.7158130169051516,0.6095614069910493,0.5212058439515173
30804199_20200406_Feet_R_S_3,0.8989196551673555,0.8868604522787182,0.8920221851393945,0.8737156956310025,0.8872727763734568,0.8610741285762743,0.8642949966758038,0.9197648018564749,0.848439557661955,0.7634716122420272,0.7975848107381089,0.8693693410076461,0.8676744434605435,0.8570443772341505,0.8404711408636881,0.7017359937797447,0.6777368728556767,0.5789772405022876
33960303_20200615_Feet_L_S_0,0.8290348032169238,0.8502370103017074,0.8310420253703388,0.8250516570666874,0.8218529939839148,0.8653856100676453,0.8467556629761699,0.8743352680416195,0.8055825738785527,0.7999186858932057,0.8495330138639973,0.8668500334507553,0.8954899633704438,0.8510020540740715,0.8047011411782896,0.7216829248904011,0.6455622107031782,0.514762024220835
33960303_20200615_Feet_L_S_1,0.8170814539220674,0.8704537174255891,0.8470735434376254,0.8336859488290657,0.8759481209308043,0.8783217699248379,0.9259725516715004,0.9198506229231124,0.8557613900810728,0.794189006999769,0.8129495451781743,0.8151596388403631,0.8224535214815881,0.8233847530703718,0.8479274772443397,0.8504504463331786,0.8890477157599381,0.8217505329753555
33960303_20200615_Feet_L_S_2,0.8662454063791761,0.8448206469335414,0.8525556822691187,0.8448206469335414,0.8448206469335414,0.864809330046869,0.8729579193939818,0.8414588192552346,0.8525556822691187,0.7989019291754667,0.8238682701832014,0.9521781092947394,0.9212086604029998,0.8697880563406942,0.875510809005851,0.749199040954169,0.7819016816600044,0.6759093370624039
33960303_20200615_Feet_L_S_3,0.8216839435672253,0.8216839435672253,0.7991934638489588,0.8187205832603213,0.8216839435672253,0.8706011381049327,0.8542631219251513,0.854526275449787,0.828422382883725,0.7277869915313604,0.7415019598262127,0.8375332736890222,0.8174162190314072,0.823169014398221,0.8359899547745804,0.7612410621792646,0.8032489041724281,0.7752787521246126
33960303_20200615_Feet_R_S_0,0.8601086518914974,0.8498017214852092,0.8712773323600496,0.8424965412334251,0.8517010550981079,0.8955661271574552,0.9266195877635286,0.9352818075944045,0.9104586939447017,0.8214977883609867,0.8452089590885816,0.8544903506630263,0.8605731320446838,0.9310982969023898,0.8697238410627796,0.886473897572609,0.883905601679537,0.8096186274291938
33960303_20200615_Feet_R_S_1,0.8135590952518117,0.7710935882278035,0.764506652647901,0.8028527029774372,0.8172453557244823,0.842230060412263,0.8104725084939769,0.8772282477531361,0.863815589102702,0.7199148090524451,0.7524010903375258,0.7830728587943335,0.8341230377967951,0.8568301283265515,0.8985165827709418,0.7766632447090488,0.716564485309545,0.6422821623819496
33960303_20200615_Feet_R_S_2,0.8062185105060786,0.9112389112815809,0.8164398041577962,0.8759560815389787,0.8619527334625263,0.8441604342378302,0.8651229679678866,0.9089190920957363,0.8884990921948189,0.7307443526773967,0.8332556498726289,0.8501248981324664,0.9213471431838809,0.8926759973280378,0.9156626755763589,0.8717845150489031,0.7519436369131728,0.7937092003139075
33960303_20200615_Feet_R_S_3,0.9180067517360331,0.9162431056071624,0.9021352154602841,0.9207395414193653,0.9265430524080427,0.9469676635378967,0.9473904246145928,0.9272881730867943,0.9267554429062486,0.6845798885036624,0.781334578005959,0.7779795390392947,0.8583284618168662,0.8020974929193474,0.8369881721905247,0.8454645246311985,0.7608050356173421,0.7152872409080814
99999988_20200320_Feet_L_S_0,0.8819440691457864,0.912321352929645,0.8913362008921754,0.8635009924904786,0.869259938711835,0.9144450270032047,0.8962450819047437,0.9177322323690892,0.8832480955666893,0.7801295033726177,0.8645283819717121,0.8361753755072134,0.8396086044831841,0.8472168019539988,0.8436254621455217,0.8402309836157745,0.8343152369094345,0.8008026312043558
99999988_20200320_Feet_L_S_1,0.811180534115925,0.8894548829288014,0.8656982831981588,0.8656982831981588,0.8934253622691891,0.8973213198137332,0.88719807324228,0.8973670697667724,0.9131683830969144,0.731110611435529,0.8221303457844829,0.8628359628437499,0.8622428607831167,0.8895548079357241,0.8913245285502766,0.8043629024881274,0.7813776565574901,0.7019371035810033
99999988_20200320_Feet_L_S_2,0.7949630714039861,0.779592669316498,0.8016507620528872,0.8004786923793653,0.811209515515973,0.8214212066369424,0.8223756189713798,0.819079020739225,0.8502730130776049,0.7324407148856832,0.7347236344830881,0.7511482514531579,0.8042639142856604,0.8331173005364102,0.7891881384645979,0.7573139609308494,0.7345979300575557,0.7502914875894962
99999988_20200320_Feet_L_S_3,0.8107583033274992,0.8051401960205378,0.8112970690188207,0.7870640128191179,0.7887503131403849,0.80152259428096,0.8307060973015377,0.8090417454854224,0.8082365662296864,0.7823739666900581,0.836254098274012,0.8754331650155123,0.8248586772303542,0.8385269255295474,0.844891612779942,0.7722392922680122,0.8322143465248245,0.7843287190625986
99999988_20200320_Feet_R_S_0,0.8079886652780884,0.7353185151482068,0.8131907884538327,0.8412062028121513,0.8229316948110954,0.8329722564780687,0.8955526717069578,0.8547380060596932,0.871606088800383,0.8157727627471502,0.9052195807142025,0.9456966758066548,0.9113526947318917,0.8350835947258198,0.8405027858506297,0.8128856511973774,0.7627882375492833,0.6757659701179818
99999988_20200320_Feet_R_S_1,0.7435396370524162,0.7488183412902514,0.7691186850287511,0.8476027681503157,0.844834749677577,0.8443038350132187,0.8916770983187238,0.9239420897631898,0.8913339305218257,0.7339586327137272,0.7113235408145255,0.7195526230924412,0.7463316192359178,0.7500988316301024,0.7865436566499873,0.7962973418433074,0.7195019398922442,0.6538056006365315
99999988_20200320_Feet_R_S_2,0.7781858950256343,0.7711390650037009,0.7352823448037404,0.7717425549817081,0.8342167264343204,0.8311892677927529,0.8342167264343204,0.8591980239731016,0.8588952486066406,0.7661730879141905,0.8003513479189274,0.8079326506369886,0.8519846792283146,0.8415479320897763,0.8355608038695861,0.8093795326094277,0.831939324232398,0.7499016415374249
99999988_20200320_Feet_R_S_3,0.7147472652889411,0.8240044441110083,0.8433397875880889,0.8779192302571946,0.8618412455388988,0.8906953302926655,0.8386487633758885,0.7917263201100064,0.9102200490553065,0.7592594666818764,0.725924646985095,0.7828397292719214,0.8550341349922024,0.8919609012182933,0.8765477090531294,0.8117418731464955,0.7527231733040879,0.5788915256268193
99999990_20200320_Feet_L_S_0,0.7890881935032513,0.8015056893661988,0.8527395618124045,0.837028024923886,0.8079954367520433,0.8193059815478433,0.774568840597331,0.816672873119287,0.8740335253327391,0.8644889649782804,0.8508914381455179,0.9070859955969814,0.8878018204911128,0.8897027880548585,0.8056049177083983,0.7385240261775411,0.7360096468520319,0.5378667848201473
99999990_20200320_Feet_L_S_1,0.8623090706695078,0.8619000861672894,0.812452287596796,0.8697940948977089,0.8761360485115609,0.8598923021277477,0.9001488748325194,0.8816374268650712,0.8669134851195767,0.7416541463827051,0.7887325484487602,0.8364812230786115,0.8315964767019414,0.8103488109416886,0.9445341566300155,0.762597735704613,0.8253619272013981,0.6305828009973521
99999990_20200320_Feet_L_S_2,0.8013504133188211,0.8039425141236515,0.7995232268892265,0.8121243351563754,0.8013504133188211,0.8013504133188211,0.8013504133188211,0.8566018114865932,0.8636720953320008,0.7968241989531211,0.8095225502970724,0.8267820324963793,0.8509937643402377,0.873933581348269,0.9100344347966373,0.8707108238838005,0.8428394477409671,0.6794514837608773
99999990_20200320_Feet_L_S_3,0.8601475058807286,0.8818193261020574,0.8562075966102375,0.9550121838001849,0.8840865524017805,0.9273855456734476,0.9077393694722439,0.8432772262429173,0.8578635511958057,0.7647541230334267,0.8005177099290065,0.8836710842835032,0.8959118586197516,0.827170060476642,0.8584897110852961,0.8405808968635701,0.8196507455786737,0.7306114838781645
99999990_20200320_Feet_R_S_0,0.8100680423649107,0.7878138478085845,0.7967311770123903,0.797396404666217,0.7996068149864927,0.8023332159469279,0.8726689530518854,0.8749523663033943,0.8701726312431205,0.7161270024051909,0.7523651953359921,0.8109217353931745,0.8380394911124863,0.8321968927239163,0.9142795818942111,0.827531764801463,0.7881594708444771,0.766570917708191
99999990_20200320_Feet_R_S_1,0.8143605910479658,0.8092948965854239,0.8962920691234413,0.8294778442304371,0.8570074175601309,0.8286152122088644,0.8774904927966266,0.928127081691347,0.9270824837683824,0.7249405207176918,0.78965596551476,0.8971324797688159,0.8751404502722,0.9012632807270788,0.8572036011398244,0.7523413519636464,0.778788231136738,0.6384731481740897
99999990_20200320_Feet_R_S_2,0.811439727935751,0.8757755158192437,0.8354192574075053,0.8299548233556882,0.9096061856587307,0.833289327749351,0.8221858852853356,0.9065854419305555,0.8675982067344681,0.7031009187143149,0.7938936468424593,0.8678393679279285,0.9220783357601032,0.9236005565897693,0.8543904616923965,0.819571978939088,0.7237388325319916,0.6975700588057957
99999990_20200320_Feet_R_S_3,0.8934520741459107,0.8907848016049782,0.8886730006031996,0.8778190787601676,0.8813816876141661,0.8759743711494147,0.9119599814711932,0.91080905893177,0.8190239665410616,0.6169441825524354,0.674175292496666,0.7631870838132186,0.7988512843482451,0.793876089415143,0.8403914590950753,0.8387047636235245,0.8217662822975128,0.793026519477684
99999991_20200319_Feet_L_S_0,0.8071915565137584,0.75826010079188,0.8121849099537101,0.8427482383637145,0.8772594470522918,0.8628762914691849,0.8441331654902707,0.9159823474957157,0.8575777279374464,0.8170491677614513,0.860365074783796,0.785830573580616,0.8096040954181815,0.8080233110016406,0.7284095153279353,0.7067512671364087,0.6057681579676452,0.5397959214657634
99999991_20200319_Feet_L_S_1,0.6869496631224806,0.7149459336472623,0.7113801470177564,0.7186962649713933,0.7711633791304695,0.7604671240446291,0.7504733917893365,0.758805973672521,0.7831482760833595,0.805769532767958,0.8128195478884848,0.7934975376434563,0.8317821310815028,0.8903136621970578,0.8137792231755748,0.8835588913550193,0.8568576564452957,0.7224791048115253
99999991_20200319_Feet_L_S_2,0.879906008692547,0.8993206196253384,0.8672295553141209,0.8705586647375616,0.8246902648404751,0.8505123983988543,0.9268167823029636,0.8672295553141209,0.823750479384174,0.8921792513494522,0.8253087802078947,0.9151947584620908,0.7649280149661912,0.7397987567786335,0.6560960077640694,0.6264455137441043,0.448648415156814,0.43550744198248204
99999991_20200319_Feet_L_S_3,0.8315974767136913,0.8161455783852269,0.8277899634521207,0.8616344654162965,0.8483847595621794,0.8533602562844576,0.8847522875035859,0.8588990855082723,0.8588990855082723,0.8516337796147005,0.8221208244128466,0.7956960221328789,0.7726126071597809,0.77624782705375,0.6451094487004274,0.6940845198673676,0.5501943403940942,0.4840422812026993
99999991_20200319_Feet_R_S_0,0.7714869929204589,0.7337626030363905,0.707954794528081,0.7556831301531403,0.7393788006405505,0.8118408141248534,0.7851990120260831,0.846157140720053,0.836168893165402,0.6258900327680067,0.6940788184119633,0.7203639999782719,0.7203639999782719,0.7203639999782719,0.7547885090033701,0.7491127365494841,0.7272585481382835,0.7155233425316847
99999991_20200319_Feet_R_S_1,0.7757725821702761,0.7965840536533451,0.8159706660284035,0.8010795769403024,0.8446670806524821,0.8071300061581133,0.8072389559620234,0.8068811235413725,0.8174921610161838,0.7095305839125249,0.7975045556658227,0.9147453431537003,0.7846225071500256,0.8955469547005999,0.7784238602959278,0.7169628747725053,0.6482024794813465,0.5772945191574451
99999991_20200319_Feet_R_S_2,0.7954598168531474,0.8241164122504039,0.8050772226142932,0.8221041130140659,0.7827121829779315,0.7899937643204994,0.8299277074411787,0.8194168856489255,0.8316129302209199,0.8408067206168586,0.9049664681248281,0.8509733036759246,0.8277727006123393,0.8427607438132377,0.7281408494107203,0.7267012281338461,0.633536864040014,0.5636031479381932
99999991_20200319_Feet_R_S_3,0.7903267011471047,0.793579359113403,0.8207247292349977,0.8061163188769297,0.8680888124100374,0.8839540981468577,0.8462276361619329,0.8959282239514387,0.8668619126841972,0.7469608558183496,0.8589084721587138,0.9051630762630696,0.8467499949136008,0.8078888783823606,0.6853464532660232,0.6476471023059001,0.6007926329292016,0.5194922797761451
99999992_20200319_Feet_L_S_0,0.8533440889731915,0.8533440889731915,0.8533440889731915,0.9255994806372156,0.8794911195260696,0.8533440889731915,0.9261676458218249,0.9184277671683821,0.8522199343754753,0.7503490468616714,0.8073417698500684,0.8642092242794918,0.8211023753262581,0.8468219141987393,0.8142201403696052,0.8320461060094205,0.8722105055220867,0.8282871271199092
99999992_20200319_Feet_L_S_1,0.8451418075457279,0.8623250807983083,0.8471353209700088,0.8397559300673028,0.859597009672506,0.8561222691460092,0.8558764622084611,0.8566419226170231,0.8553309794283324,0.7532796227710333,0.7751465234716776,0.7949474123153446,0.8009463556404262,0.822280649667535,0.836320117627718,0.8356828355739425,0.7850740165813628,0.7990863808244322
99999992_20200319_Feet_L_S_2,0.9060496335881222,0.8263365410255151,0.8289372137940155,0.9051378374417481,0.9072388957529077,0.8871999045051296,0.8832533080869351,0.9330025376036017,0.8907855347724879,0.7313442449656401,0.7789175796768532,0.8838736885415432,0.9035948113376685,0.9168809047458902,0.8487168404373381,0.8432539788488516,0.810998066818487,0.726726721141651
99999992_20200319_Feet_L_S_3,0.8356009392842103,0.8688151734044679,0.8686180368935851,0.900138033505123,0.8615612359874549,0.8448073925703459,0.8445972069500014,0.8722526677084739,0.8859843704808537,0.6928900118118623,0.7601496886134643,0.769798456257493,0.8078412311671473,0.9173371649493262,0.9787417302868968,0.9583699302975776,0.9238672767566358,0.8531187993704444
99999992_20200319_Feet_R_S_0,0.807989113561015,0.8647406389972052,0.8726189412935139,0.8781678408980198,0.8863411873291119,0.876639770724934,0.8489512976052865,0.890030344374551,0.8829012541822066,0.8053911982398422,0.8718514897295164,0.8882699683017444,0.9000988005382241,0.9359315538876629,0.8607083061539603,0.94250940338276,0.8786021367285893,0.6753140864160351
99999992_20200319_Feet_R_S_1,0.650373206849642,0.7606278647090527,0.6825943909286544,0.7270487588382208,0.802254082824604,0.7418787845851874,0.7302263714352621,0.7867417059736098,0.7561307091917494,0.7648042377332683,0.7820240911319443,0.8399893180849667,0.8831550406327381,0.8321578234136552,0.9089119666066748,0.83209134104776,0.8319135316152002,0.7628592018333327
99999992_20200319_Feet_R_S_2,0.7803196467052456,0.8061738302463093,0.9042444127032293,0.9043671311004803,0.8621013445300221,0.8301670617606596,0.8592637865176025,0.87224094033129,0.8954577686065165,0.8163471688433265,0.8920775660907143,0.8720747596269316,0.8747538076956186,0.9307639141465602,0.9731477204152101,0.8848104933965532,0.8536307196002376,0.7195393671721362
99999992_20200319_Feet_R_S_3,0.8479565800152294,0.8297401227923523,0.8222480428012141,0.8871300328377857,0.8894436609722262,0.871077938121048,0.8268420903658565,0.8720579297580375,0.8506392373896428,0.8574229146988942,0.8713688118516133,0.8860075070633788,0.8508730596661571,0.95296069673274,0.9432567205688357,0.8430428746982803,0.8154565463522366,0.7468911327501413
99999998_20200227_Feet_L_S_0,0.8349139466199889,0.8708695052385721,0.8586930241392269,0.9395436427611796,0.8784042193297831,0.8645924658145746,0.9338384073769697,0.9364182115440669,0.8979478415986386,0.7811536000565019,0.8526436167471482,0.8259943065072977,0.9210619107871396,0.8446268187138654,0.8471322690648296,0.8823413384942687,0.7496032312610291,0.697439853872302
99999998_20200227_Feet_L_S_1,0.841784889866157,0.8210652233253958,0.7893184742312294,0.8232359023207237,0.8308950469027989,0.8202821389069551,0.883976590312783,0.8650582137495993,0.8539570780725071,0.6261311887104627,0.6769928965391911,0.7095343463065279,0.7586862899764663,0.7515302346138587,0.7639581085229047,0.7027520104193257,0.7982196953764061,0.6452198458701902
99999998_20200227_Feet_L_S_2,0.8510647096780438,0.8479065469046321,0.8388604230871644,0.8435356995541989,0.8440042155266405,0.7930185640411995,0.8558497815058714,0.85869161602877,0.85869161602877,0.775814669834527,0.7960065077649731,0.8629607583348561,0.8216035295231885,0.8268639026799933,0.9130808502088065,0.742707516297675,0.7352047417932009,0.6279833767401135
99999998_20200227_Feet_L_S_3,0.8208384186470294,0.8805706534631396,0.8258991314070845,0.8090498643099899,0.8733583580030944,0.8829684157687188,0.8386106140410772,0.922377115464033,0.9325755292166628,0.8955625977296069,0.8588630825495089,0.8622506660612717,0.8903264489553865,0.8528027249804983,0.8900969738710519,0.9239796713928199,0.7348603963943515,0.811795738833077
99999998_20200227_Feet_R_S_0,0.8718623904343731,0.85845649285069,0.8767920735106718,0.8896266461675352,0.9178305681530614,0.8740096051815296,0.9227065162671018,0.912136397410847,0.9432718807007243,0.8092977218248756,0.8327295737647814,0.9274359075642388,0.9569730346517615,0.9331556204143159,0.8144387564183817,0.753023395356929,0.763483608471655,0.5464292645204164
99999998_20200227_Feet_R_S_1,0.8424362049703484,0.841289645164466,0.8284508205720015,0.8245136816999837,0.757395032983241,0.7943362886758233,0.7746681322575122,0.8573149271567062,0.8816797391233344,0.7348709991263986,0.8524844609740242,0.8398572626455297,0.8437902828159832,0.8477759230432415,0.8875664719569888,0.8313540621288269,0.714622628303043,0.5933951153354906
99999998_20200227_Feet_R_S_2,0.8541289165843153,0.8805895933081953,0.8249003520031128,0.8461495413398823,0.8629279335242781,0.9012160283591099,0.9014500774474244,0.8661841496564064,0.8884162222529844,0.7281958763808065,0.7685258851613019,0.755394843565688,0.7944719002857521,0.8844258890260054,0.7986960514132467,0.7774778080008653,0.7282414755953138,0.6004039396271207
99999998_20200227_Feet_R_S_3,0.8148425443089952,0.9493578662567228,0.8922823876051608,0.8646010157923723,0.898034510413272,0.9091735684098057,0.9231243336830721,0.8688103665621405,0.8796413461509264,0.7792601269603652,0.825800385283317,0.8180991516230869,0.9096092409115959,0.9680583633740565,0.8183678126969961,0.8106571637434192,0.6605944907873702,0.5828506522545146
99999999_20200227_Feet_L_S_0,0.8617594714776897,0.8992867019489037,0.9176386705163132,0.8798520781786341,0.865669641904153,0.9053269123429044,0.8963971003869834,0.7984371332740852,0.8326977983661317,0.7037882306387905,0.7273365137589747,0.7778602618176164,0.79791411378484,0.8422071492174218,0.8743356253075445,0.8935445977008697,0.8110674580041306,0.8644110536757245
99999999_20200227_Feet_L_S_1,0.8505926901517964,0.9118013842017579,0.8977145972460916,0.830520411834827,0.8400898939454092,0.7869793748095133,0.7641010540634708,0.7462720171977094,0.5343770887598096,0.8151664339530637,0.8424725735418608,0.9209280524166265,0.9499342184899542,0.9513600477427796,0.9293297854866278,0.8992977768236456,0.9215060400374331,0.7812614229389075
99999999_20200227_Feet_L_S_2,0.9406148781108472,0.9194207640362282,0.9438947414828195,0.9453707229068632,0.8984083230358777,0.8868134373621147,0.8940814279283054,0.8684607842359272,0.8663223125314816,0.7888858561506925,0.8068048620379528,0.8532670642553191,0.8727992142805227,0.9037016826657551,0.8665629160259506,0.8867932060998782,0.7849270985763853,0.7679893915943601
99999999_20200227_Feet_L_S_3,0.9296918076868065,0.9272357579471573,0.8763273409950892,0.93365573009083,0.8902837656607075,0.8816636926252278,0.9115115967887155,0.8817596375845635,0.852795865071404,0.8661879319308682,0.916500437918126,0.9301137846314474,0.960935880328954,0.9296911629229325,0.9123917246215943,0.9151466487306341,0.8062523634523273,0.8137425871801469
99999999_20200227_Feet_R_S_0,0.8323137816263708,0.824122161040009,0.8153487031160024,0.8257471851687146,0.8440558366237793,0.8848088841777496,0.8920026243632553,0.8552929244249173,0.8628889886672758,0.7975826001337328,0.8206824283539935,0.8976270467363349,0.898899569434507,0.9344948404381098,0.91357464422924,0.8324280990722376,0.737135782305976,0.705115069783985
99999999_20200227_Feet_R_S_1,0.872728096369069,0.8663750521566895,0.9042569059704203,0.9055847366626286,0.8382145191120706,0.888819508384252,0.8371089032248132,0.856135946907769,0.8371089032248132,0.7165263325846263,0.7751213549740641,0.8378303757825574,0.9039470454236108,0.887808155039438,0.9466462463667836,0.8170573728331922,0.7617112450002683,0.6938483637124893
99999999_20200227_Feet_R_S_2,0.8180751523788272,0.7995127319888583,0.8029746475965661,0.793272982448009,0.8294162523305111,0.8389114856798308,0.9107855953127953,0.8518445133860155,0.8829685473075646,0.7216701160394746,0.7698323184728398,0.8049551614023993,0.7879712880773272,0.8714939317460771,0.8574277796951796,0.9104857427902778,0.8155043142767245,0.7993605701449752
99999999_20200227_Feet_R_S_3,0.8274117402019693,0.8317493532613724,0.8762095255537838,0.8419654581664903,0.8250195539299727,0.8658011228367214,0.8955736643682054,0.8819256771988253,0.880911384819073,0.7019887947036793,0.7571821697399059,0.8014623404587418,0.8554111117230608,0.8516281710696806,0.8620201215589476,0.8251654926998774,0.8626047274600095,0.8622872858756604
