Method,Noise_pct,Outlier_pct,Q,Jaccard
3C-FBI,0,0,0,1.0
3C-FBI,0,0,1,0.9996
3C-FBI,0,0,2,0.9992
3C-FBI,0,0,3,0.9988
3C-FBI,0,0,6,0.9981
3C-FBI,0,0,12,0.9959
3C-FBI,0,0,24,0.9889
3C-FBI,0,0,40,0.9645
3C-FBI,0,10,0,0.9999
3C-FBI,0,10,1,0.9996
3C-FBI,0,10,2,0.9992
3C-FBI,0,10,3,0.9988
3C-FBI,0,10,6,0.9977
3C-FBI,0,10,12,0.9947
3C-FBI,0,10,24,0.9771
3C-FBI,0,10,40,0.8285
3C-FBI,0,20,0,0.9999
3C-FBI,0,20,1,0.9996
3C-FBI,0,20,2,0.9992
3C-FBI,0,20,3,0.9987
3C-FBI,0,20,6,0.9978
3C-FBI,0,20,12,0.9934
3C-FBI,0,20,24,0.9557
3C-FBI,0,20,40,0.7324
3C-FBI,0,30,0,0.9998
3C-FBI,0,30,1,0.9994
3C-FBI,0,30,2,0.999
3C-FBI,0,30,3,0.9985
3C-FBI,0,30,6,0.9969
3C-FBI,0,30,12,0.9889
3C-FBI,0,30,24,0.9188
3C-FBI,0,30,40,0.6663
3C-FBI,0,40,0,0.9998
3C-FBI,0,40,1,0.9994
3C-FBI,0,40,2,0.9988
3C-FBI,0,40,3,0.9981
3C-FBI,0,40,6,0.9957
3C-FBI,0,40,12,0.9822
3C-FBI,0,40,24,0.8741
3C-FBI,0,40,40,0.6317
3C-FBI,0,50,0,0.9997
3C-FBI,0,50,1,0.9992
3C-FBI,0,50,2,0.9984
3C-FBI,0,50,3,0.9973
3C-FBI,0,50,6,0.9937
3C-FBI,0,50,12,0.9758
3C-FBI,0,50,24,0.8128
3C-FBI,0,50,40,0.5888
3C-FBI,0,60,0,0.9997
3C-FBI,0,60,1,0.9989
3C-FBI,0,60,2,0.9976
3C-FBI,0,60,3,0.9963
3C-FBI,0,60,6,0.9898
3C-FBI,0,60,12,0.9569
3C-FBI,0,60,24,0.7454
3C-FBI,0,60,40,0.5551
3C-FBI,0,70,0,0.9996
3C-FBI,0,70,1,0.9983
3C-FBI,0,70,2,0.996
3C-FBI,0,70,3,0.9939
3C-FBI,0,70,6,0.9846
3C-FBI,0,70,12,0.92
3C-FBI,0,70,24,0.6637
3C-FBI,0,70,40,0.5013
3C-FBI,1,0,0,0.9949
3C-FBI,1,0,1,0.9952
3C-FBI,1,0,2,0.9971
3C-FBI,1,0,3,0.9976
3C-FBI,1,0,6,0.9973
3C-FBI,1,0,12,0.9957
3C-FBI,1,0,24,0.9898
3C-FBI,1,0,40,0.9658
3C-FBI,1,10,0,0.9952
3C-FBI,1,10,1,0.995
3C-FBI,1,10,2,0.9967
3C-FBI,1,10,3,0.9973
3C-FBI,1,10,6,0.9967
3C-FBI,1,10,12,0.9944
3C-FBI,1,10,24,0.9757
3C-FBI,1,10,40,0.8254
3C-FBI,1,20,0,0.9945
3C-FBI,1,20,1,0.9947
3C-FBI,1,20,2,0.9965
3C-FBI,1,20,3,0.9969
3C-FBI,1,20,6,0.9964
3C-FBI,1,20,12,0.993
3C-FBI,1,20,24,0.9488
3C-FBI,1,20,40,0.7294
3C-FBI,1,30,0,0.9948
3C-FBI,1,30,1,0.994
3C-FBI,1,30,2,0.9956
3C-FBI,1,30,3,0.9966
3C-FBI,1,30,6,0.9962
3C-FBI,1,30,12,0.99
3C-FBI,1,30,24,0.9199
3C-FBI,1,30,40,0.6759
3C-FBI,1,40,0,0.9942
3C-FBI,1,40,1,0.9932
3C-FBI,1,40,2,0.9955
3C-FBI,1,40,3,0.9962
3C-FBI,1,40,6,0.9946
3C-FBI,1,40,12,0.9827
3C-FBI,1,40,24,0.8714
3C-FBI,1,40,40,0.6181
3C-FBI,1,50,0,0.9939
3C-FBI,1,50,1,0.9939
3C-FBI,1,50,2,0.994
3C-FBI,1,50,3,0.9947
3C-FBI,1,50,6,0.9929
3C-FBI,1,50,12,0.9726
3C-FBI,1,50,24,0.8173
3C-FBI,1,50,40,0.5743
3C-FBI,1,60,0,0.9928
3C-FBI,1,60,1,0.9921
3C-FBI,1,60,2,0.9927
3C-FBI,1,60,3,0.9927
3C-FBI,1,60,6,0.9885
3C-FBI,1,60,12,0.9512
3C-FBI,1,60,24,0.7394
3C-FBI,1,60,40,0.5401
3C-FBI,1,70,0,0.9901
3C-FBI,1,70,1,0.9899
3C-FBI,1,70,2,0.9907
3C-FBI,1,70,3,0.9891
3C-FBI,1,70,6,0.979
3C-FBI,1,70,12,0.9078
3C-FBI,1,70,24,0.6368
3C-FBI,1,70,40,0.5003
3C-FBI,2,0,0,0.9882
3C-FBI,2,0,1,0.9881
3C-FBI,2,0,2,0.9899
3C-FBI,2,0,3,0.9917
3C-FBI,2,0,6,0.9952
3C-FBI,2,0,12,0.9943
3C-FBI,2,0,24,0.9869
3C-FBI,2,0,40,0.9516
3C-FBI,2,10,0,0.9879
3C-FBI,2,10,1,0.9881
3C-FBI,2,10,2,0.9899
3C-FBI,2,10,3,0.9907
3C-FBI,2,10,6,0.9942
3C-FBI,2,10,12,0.9933
3C-FBI,2,10,24,0.9735
3C-FBI,2,10,40,0.8266
3C-FBI,2,20,0,0.9869
3C-FBI,2,20,1,0.9873
3C-FBI,2,20,2,0.9891
3C-FBI,2,20,3,0.9903
3C-FBI,2,20,6,0.9941
3C-FBI,2,20,12,0.9915
3C-FBI,2,20,24,0.9426
3C-FBI,2,20,40,0.728
3C-FBI,2,30,0,0.9874
3C-FBI,2,30,1,0.9874
3C-FBI,2,30,2,0.9879
3C-FBI,2,30,3,0.9898
3C-FBI,2,30,6,0.9932
3C-FBI,2,30,12,0.9885
3C-FBI,2,30,24,0.917
3C-FBI,2,30,40,0.67
3C-FBI,2,40,0,0.987
3C-FBI,2,40,1,0.9851
3C-FBI,2,40,2,0.9874
3C-FBI,2,40,3,0.988
3C-FBI,2,40,6,0.99
3C-FBI,2,40,12,0.9847
3C-FBI,2,40,24,0.8621
3C-FBI,2,40,40,0.6208
3C-FBI,2,50,0,0.9828
3C-FBI,2,50,1,0.9839
3C-FBI,2,50,2,0.9864
3C-FBI,2,50,3,0.9881
3C-FBI,2,50,6,0.9891
3C-FBI,2,50,12,0.975
3C-FBI,2,50,24,0.8143
3C-FBI,2,50,40,0.5731
3C-FBI,2,60,0,0.9804
3C-FBI,2,60,1,0.9801
3C-FBI,2,60,2,0.9855
3C-FBI,2,60,3,0.9854
3C-FBI,2,60,6,0.9836
3C-FBI,2,60,12,0.9576
3C-FBI,2,60,24,0.7144
3C-FBI,2,60,40,0.5222
3C-FBI,2,70,0,0.8726
3C-FBI,2,70,1,0.8722
3C-FBI,2,70,2,0.9733
3C-FBI,2,70,3,0.9748
3C-FBI,2,70,6,0.9739
3C-FBI,2,70,12,0.8967
3C-FBI,2,70,24,0.6285
3C-FBI,2,70,40,0.4876
3C-FBI,5,0,0,0.9589
3C-FBI,5,0,1,0.954
3C-FBI,5,0,2,0.9668
3C-FBI,5,0,3,0.9722
3C-FBI,5,0,6,0.9775
3C-FBI,5,0,12,0.9852
3C-FBI,5,0,24,0.979
3C-FBI,5,0,40,0.9502
3C-FBI,5,10,0,0.959
3C-FBI,5,10,1,0.9603
3C-FBI,5,10,2,0.9673
3C-FBI,5,10,3,0.9702
3C-FBI,5,10,6,0.9781
3C-FBI,5,10,12,0.9828
3C-FBI,5,10,24,0.972
3C-FBI,5,10,40,0.8296
3C-FBI,5,20,0,0.9516
3C-FBI,5,20,1,0.9554
3C-FBI,5,20,2,0.9663
3C-FBI,5,20,3,0.9691
3C-FBI,5,20,6,0.9741
3C-FBI,5,20,12,0.9803
3C-FBI,5,20,24,0.9514
3C-FBI,5,20,40,0.7424
3C-FBI,5,30,0,0.9444
3C-FBI,5,30,1,0.946
3C-FBI,5,30,2,0.9607
3C-FBI,5,30,3,0.9674
3C-FBI,5,30,6,0.9732
3C-FBI,5,30,12,0.9778
3C-FBI,5,30,24,0.9273
3C-FBI,5,30,40,0.6709
3C-FBI,5,40,0,0.943
3C-FBI,5,40,1,0.9267
3C-FBI,5,40,2,0.9627
3C-FBI,5,40,3,0.9696
3C-FBI,5,40,6,0.9713
3C-FBI,5,40,12,0.9732
3C-FBI,5,40,24,0.8707
3C-FBI,5,40,40,0.6153
3C-FBI,5,50,0,0.8822
3C-FBI,5,50,1,0.9156
3C-FBI,5,50,2,0.9548
3C-FBI,5,50,3,0.963
3C-FBI,5,50,6,0.9695
3C-FBI,5,50,12,0.9608
3C-FBI,5,50,24,0.7899
3C-FBI,5,50,40,0.5631
3C-FBI,5,60,0,0.773
3C-FBI,5,60,1,0.737
3C-FBI,5,60,2,0.9138
3C-FBI,5,60,3,0.9509
3C-FBI,5,60,6,0.9627
3C-FBI,5,60,12,0.9354
3C-FBI,5,60,24,0.6975
3C-FBI,5,60,40,0.5091
3C-FBI,5,70,0,0.512
3C-FBI,5,70,1,0.4845
3C-FBI,5,70,2,0.6439
3C-FBI,5,70,3,0.7482
3C-FBI,5,70,6,0.8513
3C-FBI,5,70,12,0.7797
3C-FBI,5,70,24,0.554
3C-FBI,5,70,40,0.4759
3C-FBI,10,0,0,0.8851
3C-FBI,10,0,1,0.8883
3C-FBI,10,0,2,0.9172
3C-FBI,10,0,3,0.9298
3C-FBI,10,0,6,0.946
3C-FBI,10,0,12,0.9521
3C-FBI,10,0,24,0.9552
3C-FBI,10,0,40,0.9094
3C-FBI,10,10,0,0.8775
3C-FBI,10,10,1,0.8838
3C-FBI,10,10,2,0.9084
3C-FBI,10,10,3,0.9281
3C-FBI,10,10,6,0.9409
3C-FBI,10,10,12,0.9529
3C-FBI,10,10,24,0.9379
3C-FBI,10,10,40,0.8286
3C-FBI,10,20,0,0.8754
3C-FBI,10,20,1,0.8726
3C-FBI,10,20,2,0.9086
3C-FBI,10,20,3,0.9275
3C-FBI,10,20,6,0.9406
3C-FBI,10,20,12,0.9486
3C-FBI,10,20,24,0.9339
3C-FBI,10,20,40,0.7354
3C-FBI,10,30,0,0.8578
3C-FBI,10,30,1,0.8499
3C-FBI,10,30,2,0.9024
3C-FBI,10,30,3,0.9158
3C-FBI,10,30,6,0.9369
3C-FBI,10,30,12,0.9438
3C-FBI,10,30,24,0.909
3C-FBI,10,30,40,0.6649
3C-FBI,10,40,0,0.783
3C-FBI,10,40,1,0.7885
3C-FBI,10,40,2,0.871
3C-FBI,10,40,3,0.9036
3C-FBI,10,40,6,0.9383
3C-FBI,10,40,12,0.9389
3C-FBI,10,40,24,0.8439
3C-FBI,10,40,40,0.6012
3C-FBI,10,50,0,0.6479
3C-FBI,10,50,1,0.6712
3C-FBI,10,50,2,0.756
3C-FBI,10,50,3,0.8448
3C-FBI,10,50,6,0.9179
3C-FBI,10,50,12,0.9214
3C-FBI,10,50,24,0.7486
3C-FBI,10,50,40,0.5389
3C-FBI,10,60,0,0.5258
3C-FBI,10,60,1,0.4749
3C-FBI,10,60,2,0.5405
3C-FBI,10,60,3,0.6332
3C-FBI,10,60,6,0.7842
3C-FBI,10,60,12,0.795
3C-FBI,10,60,24,0.6086
3C-FBI,10,60,40,0.4856
3C-FBI,10,70,0,0.4011
3C-FBI,10,70,1,0.4196
3C-FBI,10,70,2,0.4264
3C-FBI,10,70,3,0.4238
3C-FBI,10,70,6,0.4627
3C-FBI,10,70,12,0.4926
3C-FBI,10,70,24,0.4505
3C-FBI,10,70,40,0.4424
RHT,0,0,0,1.0
RHT,0,0,1,0.9932
RHT,0,0,2,0.9858
RHT,0,0,3,0.977
RHT,0,0,6,0.9559
RHT,0,0,12,0.9164
RHT,0,0,24,0.8474
RHT,0,0,40,0.7676
RHT,0,10,0,0.9999
RHT,0,10,1,0.9912
RHT,0,10,2,0.9801
RHT,0,10,3,0.9714
RHT,0,10,6,0.9341
RHT,0,10,12,0.8385
RHT,0,10,24,0.6619
RHT,0,10,40,0.5772
RHT,0,20,0,0.9992
RHT,0,20,1,0.9899
RHT,0,20,2,0.9813
RHT,0,20,3,0.9647
RHT,0,20,6,0.9265
RHT,0,20,12,0.8365
RHT,0,20,24,0.6396
RHT,0,20,40,0.5255
RHT,0,30,0,0.9981
RHT,0,30,1,0.9902
RHT,0,30,2,0.9765
RHT,0,30,3,0.9618
RHT,0,30,6,0.9153
RHT,0,30,12,0.8233
RHT,0,30,24,0.6285
RHT,0,30,40,0.4933
RHT,0,40,0,0.9979
RHT,0,40,1,0.9897
RHT,0,40,2,0.9743
RHT,0,40,3,0.9615
RHT,0,40,6,0.9191
RHT,0,40,12,0.8224
RHT,0,40,24,0.5985
RHT,0,40,40,0.4693
RHT,0,50,0,0.9967
RHT,0,50,1,0.9899
RHT,0,50,2,0.9749
RHT,0,50,3,0.9594
RHT,0,50,6,0.9126
RHT,0,50,12,0.8126
RHT,0,50,24,0.5794
RHT,0,50,40,0.4625
RHT,0,60,0,0.9975
RHT,0,60,1,0.9898
RHT,0,60,2,0.9764
RHT,0,60,3,0.9598
RHT,0,60,6,0.9144
RHT,0,60,12,0.7937
RHT,0,60,24,0.5499
RHT,0,60,40,0.452
RHT,0,70,0,0.9981
RHT,0,70,1,0.9909
RHT,0,70,2,0.9793
RHT,0,70,3,0.9596
RHT,0,70,6,0.8958
RHT,0,70,12,0.6703
RHT,0,70,24,0.5216
RHT,0,70,40,0.4435
RHT,1,0,0,0.9929
RHT,1,0,1,0.9929
RHT,1,0,2,0.9805
RHT,1,0,3,0.974
RHT,1,0,6,0.9578
RHT,1,0,12,0.9132
RHT,1,0,24,0.8424
RHT,1,0,40,0.7634
RHT,1,10,0,0.9926
RHT,1,10,1,0.9914
RHT,1,10,2,0.9815
RHT,1,10,3,0.969
RHT,1,10,6,0.9346
RHT,1,10,12,0.8417
RHT,1,10,24,0.6782
RHT,1,10,40,0.5855
RHT,1,20,0,0.9918
RHT,1,20,1,0.992
RHT,1,20,2,0.9807
RHT,1,20,3,0.9662
RHT,1,20,6,0.9237
RHT,1,20,12,0.8261
RHT,1,20,24,0.6399
RHT,1,20,40,0.5035
RHT,1,30,0,0.9913
RHT,1,30,1,0.991
RHT,1,30,2,0.9776
RHT,1,30,3,0.9653
RHT,1,30,6,0.9172
RHT,1,30,12,0.8219
RHT,1,30,24,0.6099
RHT,1,30,40,0.4867
RHT,1,40,0,0.9911
RHT,1,40,1,0.9916
RHT,1,40,2,0.9786
RHT,1,40,3,0.9613
RHT,1,40,6,0.9162
RHT,1,40,12,0.8176
RHT,1,40,24,0.5983
RHT,1,40,40,0.4669
RHT,1,50,0,0.9903
RHT,1,50,1,0.9905
RHT,1,50,2,0.9776
RHT,1,50,3,0.9598
RHT,1,50,6,0.9218
RHT,1,50,12,0.8123
RHT,1,50,24,0.5768
RHT,1,50,40,0.4617
RHT,1,60,0,0.9894
RHT,1,60,1,0.9893
RHT,1,60,2,0.9758
RHT,1,60,3,0.9608
RHT,1,60,6,0.9162
RHT,1,60,12,0.756
RHT,1,60,24,0.5513
RHT,1,60,40,0.4372
RHT,1,70,0,0.9883
RHT,1,70,1,0.9884
RHT,1,70,2,0.9756
RHT,1,70,3,0.9634
RHT,1,70,6,0.9034
RHT,1,70,12,0.6477
RHT,1,70,24,0.4956
RHT,1,70,40,0.4535
RHT,2,0,0,0.9894
RHT,2,0,1,0.9892
RHT,2,0,2,0.9853
RHT,2,0,3,0.9729
RHT,2,0,6,0.948
RHT,2,0,12,0.9148
RHT,2,0,24,0.8551
RHT,2,0,40,0.7394
RHT,2,10,0,0.9896
RHT,2,10,1,0.9887
RHT,2,10,2,0.9843
RHT,2,10,3,0.9722
RHT,2,10,6,0.9337
RHT,2,10,12,0.8471
RHT,2,10,24,0.664
RHT,2,10,40,0.562
RHT,2,20,0,0.9873
RHT,2,20,1,0.9887
RHT,2,20,2,0.9847
RHT,2,20,3,0.9708
RHT,2,20,6,0.9262
RHT,2,20,12,0.8258
RHT,2,20,24,0.633
RHT,2,20,40,0.5255
RHT,2,30,0,0.9875
RHT,2,30,1,0.9873
RHT,2,30,2,0.9833
RHT,2,30,3,0.9688
RHT,2,30,6,0.921
RHT,2,30,12,0.829
RHT,2,30,24,0.6118
RHT,2,30,40,0.4851
RHT,2,40,0,0.9858
RHT,2,40,1,0.9861
RHT,2,40,2,0.9817
RHT,2,40,3,0.9635
RHT,2,40,6,0.9254
RHT,2,40,12,0.8129
RHT,2,40,24,0.5957
RHT,2,40,40,0.475
RHT,2,50,0,0.9851
RHT,2,50,1,0.9847
RHT,2,50,2,0.9803
RHT,2,50,3,0.9643
RHT,2,50,6,0.9157
RHT,2,50,12,0.8064
RHT,2,50,24,0.5787
RHT,2,50,40,0.4661
RHT,2,60,0,0.9817
RHT,2,60,1,0.9835
RHT,2,60,2,0.9782
RHT,2,60,3,0.9623
RHT,2,60,6,0.9132
RHT,2,60,12,0.7447
RHT,2,60,24,0.542
RHT,2,60,40,0.4439
RHT,2,70,0,0.9801
RHT,2,70,1,0.9783
RHT,2,70,2,0.9764
RHT,2,70,3,0.96
RHT,2,70,6,0.8824
RHT,2,70,12,0.6491
RHT,2,70,24,0.509
RHT,2,70,40,0.4395
RHT,5,0,0,0.9607
RHT,5,0,1,0.9624
RHT,5,0,2,0.9722
RHT,5,0,3,0.9726
RHT,5,0,6,0.9528
RHT,5,0,12,0.8928
RHT,5,0,24,0.7963
RHT,5,0,40,0.7251
RHT,5,10,0,0.9619
RHT,5,10,1,0.9613
RHT,5,10,2,0.969
RHT,5,10,3,0.9709
RHT,5,10,6,0.9495
RHT,5,10,12,0.852
RHT,5,10,24,0.6814
RHT,5,10,40,0.5732
RHT,5,20,0,0.9612
RHT,5,20,1,0.9595
RHT,5,20,2,0.9671
RHT,5,20,3,0.971
RHT,5,20,6,0.9413
RHT,5,20,12,0.852
RHT,5,20,24,0.6502
RHT,5,20,40,0.5291
RHT,5,30,0,0.9565
RHT,5,30,1,0.9544
RHT,5,30,2,0.9658
RHT,5,30,3,0.9699
RHT,5,30,6,0.9371
RHT,5,30,12,0.8375
RHT,5,30,24,0.6293
RHT,5,30,40,0.4802
RHT,5,40,0,0.9554
RHT,5,40,1,0.9523
RHT,5,40,2,0.9637
RHT,5,40,3,0.9687
RHT,5,40,6,0.934
RHT,5,40,12,0.833
RHT,5,40,24,0.593
RHT,5,40,40,0.4866
RHT,5,50,0,0.9502
RHT,5,50,1,0.9513
RHT,5,50,2,0.9581
RHT,5,50,3,0.9641
RHT,5,50,6,0.9228
RHT,5,50,12,0.8246
RHT,5,50,24,0.5562
RHT,5,50,40,0.4676
RHT,5,60,0,0.9458
RHT,5,60,1,0.9402
RHT,5,60,2,0.9552
RHT,5,60,3,0.9613
RHT,5,60,6,0.9145
RHT,5,60,12,0.7275
RHT,5,60,24,0.5228
RHT,5,60,40,0.4486
RHT,5,70,0,0.8659
RHT,5,70,1,0.8545
RHT,5,70,2,0.9089
RHT,5,70,3,0.9352
RHT,5,70,6,0.7913
RHT,5,70,12,0.5298
RHT,5,70,24,0.4814
RHT,5,70,40,0.4508
RHT,10,0,0,0.9113
RHT,10,0,1,0.909
RHT,10,0,2,0.9241
RHT,10,0,3,0.9377
RHT,10,0,6,0.9464
RHT,10,0,12,0.904
RHT,10,0,24,0.7733
RHT,10,0,40,0.6788
RHT,10,10,0,0.9111
RHT,10,10,1,0.9125
RHT,10,10,2,0.9189
RHT,10,10,3,0.9352
RHT,10,10,6,0.9425
RHT,10,10,12,0.8764
RHT,10,10,24,0.7141
RHT,10,10,40,0.5658
RHT,10,20,0,0.9094
RHT,10,20,1,0.91
RHT,10,20,2,0.9232
RHT,10,20,3,0.9305
RHT,10,20,6,0.94
RHT,10,20,12,0.8791
RHT,10,20,24,0.6766
RHT,10,20,40,0.54
RHT,10,30,0,0.9042
RHT,10,30,1,0.8975
RHT,10,30,2,0.917
RHT,10,30,3,0.9253
RHT,10,30,6,0.9406
RHT,10,30,12,0.8606
RHT,10,30,24,0.6498
RHT,10,30,40,0.5037
RHT,10,40,0,0.8891
RHT,10,40,1,0.9019
RHT,10,40,2,0.911
RHT,10,40,3,0.9203
RHT,10,40,6,0.9397
RHT,10,40,12,0.8479
RHT,10,40,24,0.6069
RHT,10,40,40,0.4793
RHT,10,50,0,0.875
RHT,10,50,1,0.8766
RHT,10,50,2,0.8976
RHT,10,50,3,0.9153
RHT,10,50,6,0.9218
RHT,10,50,12,0.7891
RHT,10,50,24,0.5606
RHT,10,50,40,0.4572
RHT,10,60,0,0.7181
RHT,10,60,1,0.705
RHT,10,60,2,0.7824
RHT,10,60,3,0.8367
RHT,10,60,6,0.9045
RHT,10,60,12,0.5427
RHT,10,60,24,0.492
RHT,10,60,40,0.451
RHT,10,70,0,0.4638
RHT,10,70,1,0.4567
RHT,10,70,2,0.5164
RHT,10,70,3,0.5158
RHT,10,70,6,0.4534
RHT,10,70,12,0.4046
RHT,10,70,24,0.4295
RHT,10,70,40,0.4348
RCD,0,0,0,1.0
RCD,0,0,1,0.9943
RCD,0,0,2,0.9876
RCD,0,0,3,0.9815
RCD,0,0,6,0.9651
RCD,0,0,12,0.937
RCD,0,0,24,0.8943
RCD,0,0,40,0.797
RCD,0,10,0,0.9998
RCD,0,10,1,0.9935
RCD,0,10,2,0.9866
RCD,0,10,3,0.9785
RCD,0,10,6,0.9549
RCD,0,10,12,0.9057
RCD,0,10,24,0.8062
RCD,0,10,40,0.6281
RCD,0,20,0,0.9996
RCD,0,20,1,0.9936
RCD,0,20,2,0.9871
RCD,0,20,3,0.9776
RCD,0,20,6,0.9488
RCD,0,20,12,0.8985
RCD,0,20,24,0.784
RCD,0,20,40,0.5794
RCD,0,30,0,0.9991
RCD,0,30,1,0.9924
RCD,0,30,2,0.9846
RCD,0,30,3,0.9771
RCD,0,30,6,0.949
RCD,0,30,12,0.8896
RCD,0,30,24,0.7619
RCD,0,30,40,0.5343
RCD,0,40,0,0.999
RCD,0,40,1,0.993
RCD,0,40,2,0.9844
RCD,0,40,3,0.9741
RCD,0,40,6,0.9407
RCD,0,40,12,0.8817
RCD,0,40,24,0.7389
RCD,0,40,40,0.4994
RCD,0,50,0,0.9978
RCD,0,50,1,0.9922
RCD,0,50,2,0.9835
RCD,0,50,3,0.9739
RCD,0,50,6,0.9403
RCD,0,50,12,0.8825
RCD,0,50,24,0.6933
RCD,0,50,40,0.4924
RCD,0,60,0,0.999
RCD,0,60,1,0.9922
RCD,0,60,2,0.9835
RCD,0,60,3,0.9741
RCD,0,60,6,0.9402
RCD,0,60,12,0.8785
RCD,0,60,24,0.6206
RCD,0,60,40,0.462
RCD,0,70,0,0.9988
RCD,0,70,1,0.9924
RCD,0,70,2,0.9841
RCD,0,70,3,0.9756
RCD,0,70,6,0.9383
RCD,0,70,12,0.8061
RCD,0,70,24,0.5358
RCD,0,70,40,0.4426
RCD,1,0,0,0.9947
RCD,1,0,1,0.9947
RCD,1,0,2,0.9898
RCD,1,0,3,0.9807
RCD,1,0,6,0.9611
RCD,1,0,12,0.9335
RCD,1,0,24,0.8875
RCD,1,0,40,0.8125
RCD,1,10,0,0.9943
RCD,1,10,1,0.9941
RCD,1,10,2,0.9884
RCD,1,10,3,0.9795
RCD,1,10,6,0.9573
RCD,1,10,12,0.9072
RCD,1,10,24,0.8134
RCD,1,10,40,0.6568
RCD,1,20,0,0.9945
RCD,1,20,1,0.9939
RCD,1,20,2,0.9877
RCD,1,20,3,0.9787
RCD,1,20,6,0.949
RCD,1,20,12,0.8863
RCD,1,20,24,0.7894
RCD,1,20,40,0.5703
RCD,1,30,0,0.994
RCD,1,30,1,0.9939
RCD,1,30,2,0.9874
RCD,1,30,3,0.9777
RCD,1,30,6,0.945
RCD,1,30,12,0.886
RCD,1,30,24,0.7564
RCD,1,30,40,0.5461
RCD,1,40,0,0.9942
RCD,1,40,1,0.9931
RCD,1,40,2,0.9867
RCD,1,40,3,0.9776
RCD,1,40,6,0.9472
RCD,1,40,12,0.887
RCD,1,40,24,0.73
RCD,1,40,40,0.4963
RCD,1,50,0,0.9929
RCD,1,50,1,0.9928
RCD,1,50,2,0.9862
RCD,1,50,3,0.974
RCD,1,50,6,0.9428
RCD,1,50,12,0.8787
RCD,1,50,24,0.6893
RCD,1,50,40,0.4731
RCD,1,60,0,0.9918
RCD,1,60,1,0.9918
RCD,1,60,2,0.9862
RCD,1,60,3,0.9759
RCD,1,60,6,0.941
RCD,1,60,12,0.8635
RCD,1,60,24,0.5974
RCD,1,60,40,0.4633
RCD,1,70,0,0.9912
RCD,1,70,1,0.9901
RCD,1,70,2,0.9833
RCD,1,70,3,0.9731
RCD,1,70,6,0.9377
RCD,1,70,12,0.7746
RCD,1,70,24,0.5185
RCD,1,70,40,0.4417
RCD,2,0,0,0.9889
RCD,2,0,1,0.988
RCD,2,0,2,0.9883
RCD,2,0,3,0.9869
RCD,2,0,6,0.9606
RCD,2,0,12,0.9291
RCD,2,0,24,0.8917
RCD,2,0,40,0.7983
RCD,2,10,0,0.9873
RCD,2,10,1,0.9878
RCD,2,10,2,0.9892
RCD,2,10,3,0.9836
RCD,2,10,6,0.9547
RCD,2,10,12,0.9062
RCD,2,10,24,0.807
RCD,2,10,40,0.6389
RCD,2,20,0,0.9869
RCD,2,20,1,0.9857
RCD,2,20,2,0.9886
RCD,2,20,3,0.9845
RCD,2,20,6,0.9573
RCD,2,20,12,0.9013
RCD,2,20,24,0.7793
RCD,2,20,40,0.5861
RCD,2,30,0,0.9859
RCD,2,30,1,0.9854
RCD,2,30,2,0.9882
RCD,2,30,3,0.9826
RCD,2,30,6,0.9485
RCD,2,30,12,0.8946
RCD,2,30,24,0.7479
RCD,2,30,40,0.5325
RCD,2,40,0,0.9844
RCD,2,40,1,0.9864
RCD,2,40,2,0.9866
RCD,2,40,3,0.981
RCD,2,40,6,0.9475
RCD,2,40,12,0.8823
RCD,2,40,24,0.7339
RCD,2,40,40,0.5068
RCD,2,50,0,0.9824
RCD,2,50,1,0.9829
RCD,2,50,2,0.9854
RCD,2,50,3,0.9803
RCD,2,50,6,0.9499
RCD,2,50,12,0.8806
RCD,2,50,24,0.6788
RCD,2,50,40,0.4836
RCD,2,60,0,0.981
RCD,2,60,1,0.9811
RCD,2,60,2,0.9838
RCD,2,60,3,0.9797
RCD,2,60,6,0.9418
RCD,2,60,12,0.875
RCD,2,60,24,0.5907
RCD,2,60,40,0.4511
RCD,2,70,0,0.9795
RCD,2,70,1,0.9789
RCD,2,70,2,0.9819
RCD,2,70,3,0.9735
RCD,2,70,6,0.9353
RCD,2,70,12,0.7759
RCD,2,70,24,0.5142
RCD,2,70,40,0.4327
RCD,5,0,0,0.9597
RCD,5,0,1,0.9613
RCD,5,0,2,0.9649
RCD,5,0,3,0.9714
RCD,5,0,6,0.9731
RCD,5,0,12,0.9272
RCD,5,0,24,0.8657
RCD,5,0,40,0.7837
RCD,5,10,0,0.9597
RCD,5,10,1,0.9592
RCD,5,10,2,0.9649
RCD,5,10,3,0.9709
RCD,5,10,6,0.9699
RCD,5,10,12,0.9165
RCD,5,10,24,0.8189
RCD,5,10,40,0.6635
RCD,5,20,0,0.9572
RCD,5,20,1,0.959
RCD,5,20,2,0.9646
RCD,5,20,3,0.9702
RCD,5,20,6,0.9725
RCD,5,20,12,0.9126
RCD,5,20,24,0.7857
RCD,5,20,40,0.5992
RCD,5,30,0,0.9536
RCD,5,30,1,0.9536
RCD,5,30,2,0.9591
RCD,5,30,3,0.9695
RCD,5,30,6,0.9684
RCD,5,30,12,0.9005
RCD,5,30,24,0.7671
RCD,5,30,40,0.5317
RCD,5,40,0,0.9514
RCD,5,40,1,0.9527
RCD,5,40,2,0.9608
RCD,5,40,3,0.9651
RCD,5,40,6,0.9637
RCD,5,40,12,0.9029
RCD,5,40,24,0.7239
RCD,5,40,40,0.5202
RCD,5,50,0,0.95
RCD,5,50,1,0.9493
RCD,5,50,2,0.9537
RCD,5,50,3,0.9616
RCD,5,50,6,0.9608
RCD,5,50,12,0.8889
RCD,5,50,24,0.6605
RCD,5,50,40,0.4769
RCD,5,60,0,0.9379
RCD,5,60,1,0.9381
RCD,5,60,2,0.9518
RCD,5,60,3,0.9587
RCD,5,60,6,0.9561
RCD,5,60,12,0.8709
RCD,5,60,24,0.5527
RCD,5,60,40,0.4608
RCD,5,70,0,0.8437
RCD,5,70,1,0.8042
RCD,5,70,2,0.9056
RCD,5,70,3,0.9389
RCD,5,70,6,0.9078
RCD,5,70,12,0.6359
RCD,5,70,24,0.4602
RCD,5,70,40,0.4377
RCD,10,0,0,0.9092
RCD,10,0,1,0.9007
RCD,10,0,2,0.9192
RCD,10,0,3,0.9332
RCD,10,0,6,0.9403
RCD,10,0,12,0.9408
RCD,10,0,24,0.8699
RCD,10,0,40,0.7591
RCD,10,10,0,0.9056
RCD,10,10,1,0.9093
RCD,10,10,2,0.9168
RCD,10,10,3,0.9244
RCD,10,10,6,0.9398
RCD,10,10,12,0.9409
RCD,10,10,24,0.8289
RCD,10,10,40,0.6942
RCD,10,20,0,0.9032
RCD,10,20,1,0.9046
RCD,10,20,2,0.9145
RCD,10,20,3,0.9219
RCD,10,20,6,0.9367
RCD,10,20,12,0.9406
RCD,10,20,24,0.8023
RCD,10,20,40,0.6062
RCD,10,30,0,0.9001
RCD,10,30,1,0.8987
RCD,10,30,2,0.9154
RCD,10,30,3,0.9174
RCD,10,30,6,0.9379
RCD,10,30,12,0.9296
RCD,10,30,24,0.8016
RCD,10,30,40,0.5571
RCD,10,40,0,0.8913
RCD,10,40,1,0.8943
RCD,10,40,2,0.8926
RCD,10,40,3,0.9152
RCD,10,40,6,0.936
RCD,10,40,12,0.928
RCD,10,40,24,0.7494
RCD,10,40,40,0.5131
RCD,10,50,0,0.8475
RCD,10,50,1,0.8518
RCD,10,50,2,0.8844
RCD,10,50,3,0.8996
RCD,10,50,6,0.9288
RCD,10,50,12,0.9094
RCD,10,50,24,0.6435
RCD,10,50,40,0.481
RCD,10,60,0,0.6965
RCD,10,60,1,0.67
RCD,10,60,2,0.7441
RCD,10,60,3,0.8232
RCD,10,60,6,0.8691
RCD,10,60,12,0.7716
RCD,10,60,24,0.4615
RCD,10,60,40,0.4462
RCD,10,70,0,0.4582
RCD,10,70,1,0.4528
RCD,10,70,2,0.4521
RCD,10,70,3,0.5217
RCD,10,70,6,0.5283
RCD,10,70,12,0.4191
RCD,10,70,24,0.4036
RCD,10,70,40,0.4141
RFCA,0,0,0,0.9996
RFCA,0,0,1,0.9988
RFCA,0,0,2,0.9981
RFCA,0,0,3,0.9974
RFCA,0,0,6,0.996
RFCA,0,0,12,0.9953
RFCA,0,0,24,0.9846
RFCA,0,0,40,0.9004
RFCA,0,10,0,0.9997
RFCA,0,10,1,0.9987
RFCA,0,10,2,0.9976
RFCA,0,10,3,0.9962
RFCA,0,10,6,0.9924
RFCA,0,10,12,0.9853
RFCA,0,10,24,0.9654
RFCA,0,10,40,0.8713
RFCA,0,20,0,0.9997
RFCA,0,20,1,0.998
RFCA,0,20,2,0.9966
RFCA,0,20,3,0.9939
RFCA,0,20,6,0.9887
RFCA,0,20,12,0.974
RFCA,0,20,24,0.9375
RFCA,0,20,40,0.754
RFCA,0,30,0,0.9998
RFCA,0,30,1,0.9976
RFCA,0,30,2,0.995
RFCA,0,30,3,0.9912
RFCA,0,30,6,0.984
RFCA,0,30,12,0.9615
RFCA,0,30,24,0.873
RFCA,0,30,40,0.658
RFCA,0,40,0,0.9998
RFCA,0,40,1,0.9964
RFCA,0,40,2,0.9899
RFCA,0,40,3,0.9878
RFCA,0,40,6,0.9737
RFCA,0,40,12,0.9324
RFCA,0,40,24,0.7678
RFCA,0,40,40,0.581
RFCA,0,50,0,0.9906
RFCA,0,50,1,0.9729
RFCA,0,50,2,0.9536
RFCA,0,50,3,0.9437
RFCA,0,50,6,0.8957
RFCA,0,50,12,0.8125
RFCA,0,50,24,0.6679
RFCA,0,50,40,0.5314
RFCA,0,60,0,0.8455
RFCA,0,60,1,0.8375
RFCA,0,60,2,0.803
RFCA,0,60,3,0.7941
RFCA,0,60,6,0.7318
RFCA,0,60,12,0.6773
RFCA,0,60,24,0.5925
RFCA,0,60,40,0.4981
RFCA,0,70,0,0.6458
RFCA,0,70,1,0.6281
RFCA,0,70,2,0.6187
RFCA,0,70,3,0.6155
RFCA,0,70,6,0.6054
RFCA,0,70,12,0.5721
RFCA,0,70,24,0.5252
RFCA,0,70,40,0.4664
RFCA,1,0,0,0.9964
RFCA,1,0,1,0.9967
RFCA,1,0,2,0.9968
RFCA,1,0,3,0.9958
RFCA,1,0,6,0.9956
RFCA,1,0,12,0.9946
RFCA,1,0,24,0.9885
RFCA,1,0,40,0.9014
RFCA,1,10,0,0.996
RFCA,1,10,1,0.9958
RFCA,1,10,2,0.9957
RFCA,1,10,3,0.9948
RFCA,1,10,6,0.9926
RFCA,1,10,12,0.987
RFCA,1,10,24,0.9652
RFCA,1,10,40,0.8725
RFCA,1,20,0,0.9942
RFCA,1,20,1,0.9944
RFCA,1,20,2,0.9945
RFCA,1,20,3,0.9921
RFCA,1,20,6,0.988
RFCA,1,20,12,0.9736
RFCA,1,20,24,0.9323
RFCA,1,20,40,0.7536
RFCA,1,30,0,0.9919
RFCA,1,30,1,0.9922
RFCA,1,30,2,0.9911
RFCA,1,30,3,0.9889
RFCA,1,30,6,0.9831
RFCA,1,30,12,0.9602
RFCA,1,30,24,0.884
RFCA,1,30,40,0.6657
RFCA,1,40,0,0.9876
RFCA,1,40,1,0.9873
RFCA,1,40,2,0.985
RFCA,1,40,3,0.9836
RFCA,1,40,6,0.9672
RFCA,1,40,12,0.9127
RFCA,1,40,24,0.7567
RFCA,1,40,40,0.5784
RFCA,1,50,0,0.9552
RFCA,1,50,1,0.9613
RFCA,1,50,2,0.9463
RFCA,1,50,3,0.9295
RFCA,1,50,6,0.8896
RFCA,1,50,12,0.8134
RFCA,1,50,24,0.6641
RFCA,1,50,40,0.523
RFCA,1,60,0,0.7893
RFCA,1,60,1,0.7815
RFCA,1,60,2,0.767
RFCA,1,60,3,0.7508
RFCA,1,60,6,0.7207
RFCA,1,60,12,0.6597
RFCA,1,60,24,0.5844
RFCA,1,60,40,0.4817
RFCA,1,70,0,0.5989
RFCA,1,70,1,0.6176
RFCA,1,70,2,0.6135
RFCA,1,70,3,0.6135
RFCA,1,70,6,0.5763
RFCA,1,70,12,0.5651
RFCA,1,70,24,0.5088
RFCA,1,70,40,0.4599
RFCA,2,0,0,0.9932
RFCA,2,0,1,0.9931
RFCA,2,0,2,0.9932
RFCA,2,0,3,0.9932
RFCA,2,0,6,0.9942
RFCA,2,0,12,0.9948
RFCA,2,0,24,0.987
RFCA,2,0,40,0.9016
RFCA,2,10,0,0.9914
RFCA,2,10,1,0.9915
RFCA,2,10,2,0.9919
RFCA,2,10,3,0.9906
RFCA,2,10,6,0.9902
RFCA,2,10,12,0.9862
RFCA,2,10,24,0.9646
RFCA,2,10,40,0.8694
RFCA,2,20,0,0.9883
RFCA,2,20,1,0.989
RFCA,2,20,2,0.9887
RFCA,2,20,3,0.9869
RFCA,2,20,6,0.9871
RFCA,2,20,12,0.9733
RFCA,2,20,24,0.9254
RFCA,2,20,40,0.7631
RFCA,2,30,0,0.9832
RFCA,2,30,1,0.9836
RFCA,2,30,2,0.9829
RFCA,2,30,3,0.9817
RFCA,2,30,6,0.9785
RFCA,2,30,12,0.958
RFCA,2,30,24,0.8677
RFCA,2,30,40,0.6464
RFCA,2,40,0,0.9761
RFCA,2,40,1,0.9744
RFCA,2,40,2,0.9737
RFCA,2,40,3,0.9718
RFCA,2,40,6,0.9619
RFCA,2,40,12,0.9156
RFCA,2,40,24,0.747
RFCA,2,40,40,0.5833
RFCA,2,50,0,0.939
RFCA,2,50,1,0.9276
RFCA,2,50,2,0.926
RFCA,2,50,3,0.9154
RFCA,2,50,6,0.8958
RFCA,2,50,12,0.7777
RFCA,2,50,24,0.6683
RFCA,2,50,40,0.5174
RFCA,2,60,0,0.7423
RFCA,2,60,1,0.7941
RFCA,2,60,2,0.7406
RFCA,2,60,3,0.7447
RFCA,2,60,6,0.7085
RFCA,2,60,12,0.6506
RFCA,2,60,24,0.5591
RFCA,2,60,40,0.4777
RFCA,2,70,0,0.5893
RFCA,2,70,1,0.5821
RFCA,2,70,2,0.5845
RFCA,2,70,3,0.5926
RFCA,2,70,6,0.5658
RFCA,2,70,12,0.5512
RFCA,2,70,24,0.5058
RFCA,2,70,40,0.4467
RFCA,5,0,0,0.983
RFCA,5,0,1,0.9822
RFCA,5,0,2,0.9833
RFCA,5,0,3,0.9836
RFCA,5,0,6,0.9841
RFCA,5,0,12,0.9898
RFCA,5,0,24,0.9877
RFCA,5,0,40,0.9136
RFCA,5,10,0,0.9784
RFCA,5,10,1,0.979
RFCA,5,10,2,0.9803
RFCA,5,10,3,0.979
RFCA,5,10,6,0.9803
RFCA,5,10,12,0.9798
RFCA,5,10,24,0.9631
RFCA,5,10,40,0.8767
RFCA,5,20,0,0.9725
RFCA,5,20,1,0.9699
RFCA,5,20,2,0.9714
RFCA,5,20,3,0.9723
RFCA,5,20,6,0.9729
RFCA,5,20,12,0.9649
RFCA,5,20,24,0.927
RFCA,5,20,40,0.7572
RFCA,5,30,0,0.9583
RFCA,5,30,1,0.9587
RFCA,5,30,2,0.9589
RFCA,5,30,3,0.9584
RFCA,5,30,6,0.9532
RFCA,5,30,12,0.94
RFCA,5,30,24,0.8549
RFCA,5,30,40,0.6576
RFCA,5,40,0,0.9338
RFCA,5,40,1,0.9333
RFCA,5,40,2,0.933
RFCA,5,40,3,0.9333
RFCA,5,40,6,0.9257
RFCA,5,40,12,0.8852
RFCA,5,40,24,0.7416
RFCA,5,40,40,0.5808
RFCA,5,50,0,0.8464
RFCA,5,50,1,0.8423
RFCA,5,50,2,0.8383
RFCA,5,50,3,0.8373
RFCA,5,50,6,0.8218
RFCA,5,50,12,0.757
RFCA,5,50,24,0.6253
RFCA,5,50,40,0.5181
RFCA,5,60,0,0.6404
RFCA,5,60,1,0.6525
RFCA,5,60,2,0.6637
RFCA,5,60,3,0.6542
RFCA,5,60,6,0.633
RFCA,5,60,12,0.61
RFCA,5,60,24,0.5345
RFCA,5,60,40,0.4729
RFCA,5,70,0,0.522
RFCA,5,70,1,0.5239
RFCA,5,70,2,0.5181
RFCA,5,70,3,0.5231
RFCA,5,70,6,0.5241
RFCA,5,70,12,0.5187
RFCA,5,70,24,0.4745
RFCA,5,70,40,0.4424
RFCA,10,0,0,0.9656
RFCA,10,0,1,0.9652
RFCA,10,0,2,0.9672
RFCA,10,0,3,0.9689
RFCA,10,0,6,0.9679
RFCA,10,0,12,0.9716
RFCA,10,0,24,0.9841
RFCA,10,0,40,0.9346
RFCA,10,10,0,0.9591
RFCA,10,10,1,0.9587
RFCA,10,10,2,0.9577
RFCA,10,10,3,0.9572
RFCA,10,10,6,0.9576
RFCA,10,10,12,0.9615
RFCA,10,10,24,0.9528
RFCA,10,10,40,0.8875
RFCA,10,20,0,0.94
RFCA,10,20,1,0.9404
RFCA,10,20,2,0.9444
RFCA,10,20,3,0.9442
RFCA,10,20,6,0.9374
RFCA,10,20,12,0.9336
RFCA,10,20,24,0.893
RFCA,10,20,40,0.7834
RFCA,10,30,0,0.9134
RFCA,10,30,1,0.9116
RFCA,10,30,2,0.9132
RFCA,10,30,3,0.9105
RFCA,10,30,6,0.908
RFCA,10,30,12,0.8921
RFCA,10,30,24,0.8257
RFCA,10,30,40,0.6482
RFCA,10,40,0,0.8596
RFCA,10,40,1,0.8725
RFCA,10,40,2,0.8577
RFCA,10,40,3,0.8617
RFCA,10,40,6,0.8521
RFCA,10,40,12,0.8246
RFCA,10,40,24,0.7056
RFCA,10,40,40,0.5543
RFCA,10,50,0,0.7073
RFCA,10,50,1,0.6943
RFCA,10,50,2,0.7029
RFCA,10,50,3,0.6994
RFCA,10,50,6,0.6789
RFCA,10,50,12,0.6519
RFCA,10,50,24,0.5883
RFCA,10,50,40,0.4929
RFCA,10,60,0,0.5388
RFCA,10,60,1,0.5406
RFCA,10,60,2,0.5364
RFCA,10,60,3,0.5293
RFCA,10,60,6,0.5398
RFCA,10,60,12,0.5235
RFCA,10,60,24,0.4924
RFCA,10,60,40,0.4422
RFCA,10,70,0,0.4362
RFCA,10,70,1,0.4426
RFCA,10,70,2,0.4454
RFCA,10,70,3,0.4387
RFCA,10,70,6,0.4398
RFCA,10,70,12,0.4352
RFCA,10,70,24,0.4171
RFCA,10,70,40,0.394
Nurunnabi,0,0,0,1.0
Nurunnabi,0,0,1,0.9992
Nurunnabi,0,0,2,0.9985
Nurunnabi,0,0,3,0.9975
Nurunnabi,0,0,6,0.9952
Nurunnabi,0,0,12,0.9891
Nurunnabi,0,0,24,0.9747
Nurunnabi,0,0,40,0.8901
Nurunnabi,0,10,0,0.9496
Nurunnabi,0,10,1,0.9436
Nurunnabi,0,10,2,0.9413
Nurunnabi,0,10,3,0.9297
Nurunnabi,0,10,6,0.9053
Nurunnabi,0,10,12,0.8807
Nurunnabi,0,10,24,0.8067
Nurunnabi,0,10,40,0.6739
Nurunnabi,0,20,0,0.8449
Nurunnabi,0,20,1,0.8239
Nurunnabi,0,20,2,0.8246
Nurunnabi,0,20,3,0.8289
Nurunnabi,0,20,6,0.7922
Nurunnabi,0,20,12,0.7353
Nurunnabi,0,20,24,0.6764
Nurunnabi,0,20,40,0.5892
Nurunnabi,0,30,0,0.7513
Nurunnabi,0,30,1,0.7452
Nurunnabi,0,30,2,0.7315
Nurunnabi,0,30,3,0.7232
Nurunnabi,0,30,6,0.7077
Nurunnabi,0,30,12,0.6704
Nurunnabi,0,30,24,0.6042
Nurunnabi,0,30,40,0.5346
Nurunnabi,0,40,0,0.6797
Nurunnabi,0,40,1,0.6743
Nurunnabi,0,40,2,0.6767
Nurunnabi,0,40,3,0.6638
Nurunnabi,0,40,6,0.6296
Nurunnabi,0,40,12,0.6284
Nurunnabi,0,40,24,0.5786
Nurunnabi,0,40,40,0.5021
Nurunnabi,0,50,0,0.6174
Nurunnabi,0,50,1,0.6211
Nurunnabi,0,50,2,0.6127
Nurunnabi,0,50,3,0.6054
Nurunnabi,0,50,6,0.586
Nurunnabi,0,50,12,0.5835
Nurunnabi,0,50,24,0.5465
Nurunnabi,0,50,40,0.4937
Nurunnabi,0,60,0,0.5713
Nurunnabi,0,60,1,0.5719
Nurunnabi,0,60,2,0.5727
Nurunnabi,0,60,3,0.5726
Nurunnabi,0,60,6,0.551
Nurunnabi,0,60,12,0.5453
Nurunnabi,0,60,24,0.5139
Nurunnabi,0,60,40,0.4738
Nurunnabi,0,70,0,0.5336
Nurunnabi,0,70,1,0.5231
Nurunnabi,0,70,2,0.5238
Nurunnabi,0,70,3,0.5317
Nurunnabi,0,70,6,0.5202
Nurunnabi,0,70,12,0.5094
Nurunnabi,0,70,24,0.4893
Nurunnabi,0,70,40,0.4575
Nurunnabi,1,0,0,0.9968
Nurunnabi,1,0,1,0.9968
Nurunnabi,1,0,2,0.9967
Nurunnabi,1,0,3,0.9961
Nurunnabi,1,0,6,0.9944
Nurunnabi,1,0,12,0.9893
Nurunnabi,1,0,24,0.9752
Nurunnabi,1,0,40,0.895
Nurunnabi,1,10,0,0.9383
Nurunnabi,1,10,1,0.9415
Nurunnabi,1,10,2,0.9323
Nurunnabi,1,10,3,0.9176
Nurunnabi,1,10,6,0.9116
Nurunnabi,1,10,12,0.873
Nurunnabi,1,10,24,0.7924
Nurunnabi,1,10,40,0.685
Nurunnabi,1,20,0,0.8172
Nurunnabi,1,20,1,0.8441
Nurunnabi,1,20,2,0.8348
Nurunnabi,1,20,3,0.8342
Nurunnabi,1,20,6,0.8025
Nurunnabi,1,20,12,0.7452
Nurunnabi,1,20,24,0.6732
Nurunnabi,1,20,40,0.5831
Nurunnabi,1,30,0,0.7322
Nurunnabi,1,30,1,0.7321
Nurunnabi,1,30,2,0.7437
Nurunnabi,1,30,3,0.7396
Nurunnabi,1,30,6,0.7094
Nurunnabi,1,30,12,0.6682
Nurunnabi,1,30,24,0.6032
Nurunnabi,1,30,40,0.5504
Nurunnabi,1,40,0,0.6691
Nurunnabi,1,40,1,0.6731
Nurunnabi,1,40,2,0.6707
Nurunnabi,1,40,3,0.6629
Nurunnabi,1,40,6,0.633
Nurunnabi,1,40,12,0.6018
Nurunnabi,1,40,24,0.5534
Nurunnabi,1,40,40,0.5083
Nurunnabi,1,50,0,0.6116
Nurunnabi,1,50,1,0.6275
Nurunnabi,1,50,2,0.622
Nurunnabi,1,50,3,0.588
Nurunnabi,1,50,6,0.5928
Nurunnabi,1,50,12,0.5626
Nurunnabi,1,50,24,0.5342
Nurunnabi,1,50,40,0.4829
Nurunnabi,1,60,0,0.5641
Nurunnabi,1,60,1,0.5657
Nurunnabi,1,60,2,0.5568
Nurunnabi,1,60,3,0.5688
Nurunnabi,1,60,6,0.555
Nurunnabi,1,60,12,0.5318
Nurunnabi,1,60,24,0.515
Nurunnabi,1,60,40,0.4597
Nurunnabi,1,70,0,0.5142
Nurunnabi,1,70,1,0.5164
Nurunnabi,1,70,2,0.5204
Nurunnabi,1,70,3,0.5274
Nurunnabi,1,70,6,0.514
Nurunnabi,1,70,12,0.5086
Nurunnabi,1,70,24,0.4877
Nurunnabi,1,70,40,0.4528
Nurunnabi,2,0,0,0.9938
Nurunnabi,2,0,1,0.9938
Nurunnabi,2,0,2,0.9939
Nurunnabi,2,0,3,0.9932
Nurunnabi,2,0,6,0.992
Nurunnabi,2,0,12,0.9871
Nurunnabi,2,0,24,0.9755
Nurunnabi,2,0,40,0.9004
Nurunnabi,2,10,0,0.9367
Nurunnabi,2,10,1,0.9371
Nurunnabi,2,10,2,0.9373
Nurunnabi,2,10,3,0.91
Nurunnabi,2,10,6,0.9236
Nurunnabi,2,10,12,0.8777
Nurunnabi,2,10,24,0.809
Nurunnabi,2,10,40,0.6864
Nurunnabi,2,20,0,0.8129
Nurunnabi,2,20,1,0.8309
Nurunnabi,2,20,2,0.8273
Nurunnabi,2,20,3,0.8245
Nurunnabi,2,20,6,0.7972
Nurunnabi,2,20,12,0.7637
Nurunnabi,2,20,24,0.6659
Nurunnabi,2,20,40,0.6044
Nurunnabi,2,30,0,0.7433
Nurunnabi,2,30,1,0.7468
Nurunnabi,2,30,2,0.7427
Nurunnabi,2,30,3,0.7371
Nurunnabi,2,30,6,0.7097
Nurunnabi,2,30,12,0.6772
Nurunnabi,2,30,24,0.613
Nurunnabi,2,30,40,0.5387
Nurunnabi,2,40,0,0.6789
Nurunnabi,2,40,1,0.6659
Nurunnabi,2,40,2,0.6662
Nurunnabi,2,40,3,0.6557
Nurunnabi,2,40,6,0.6439
Nurunnabi,2,40,12,0.6128
Nurunnabi,2,40,24,0.5658
Nurunnabi,2,40,40,0.5103
Nurunnabi,2,50,0,0.6048
Nurunnabi,2,50,1,0.6037
Nurunnabi,2,50,2,0.6146
Nurunnabi,2,50,3,0.6043
Nurunnabi,2,50,6,0.5894
Nurunnabi,2,50,12,0.5682
Nurunnabi,2,50,24,0.5319
Nurunnabi,2,50,40,0.4856
Nurunnabi,2,60,0,0.5604
Nurunnabi,2,60,1,0.5733
Nurunnabi,2,60,2,0.5543
Nurunnabi,2,60,3,0.5532
Nurunnabi,2,60,6,0.5489
Nurunnabi,2,60,12,0.541
Nurunnabi,2,60,24,0.4999
Nurunnabi,2,60,40,0.4618
Nurunnabi,2,70,0,0.5093
Nurunnabi,2,70,1,0.5128
Nurunnabi,2,70,2,0.5266
Nurunnabi,2,70,3,0.5157
Nurunnabi,2,70,6,0.5133
Nurunnabi,2,70,12,0.5018
Nurunnabi,2,70,24,0.4838
Nurunnabi,2,70,40,0.4556
Nurunnabi,5,0,0,0.9849
Nurunnabi,5,0,1,0.9841
Nurunnabi,5,0,2,0.9838
Nurunnabi,5,0,3,0.984
Nurunnabi,5,0,6,0.983
Nurunnabi,5,0,12,0.9795
Nurunnabi,5,0,24,0.9684
Nurunnabi,5,0,40,0.9245
Nurunnabi,5,10,0,0.9072
Nurunnabi,5,10,1,0.9173
Nurunnabi,5,10,2,0.9215
Nurunnabi,5,10,3,0.919
Nurunnabi,5,10,6,0.9067
Nurunnabi,5,10,12,0.8884
Nurunnabi,5,10,24,0.8037
Nurunnabi,5,10,40,0.6934
Nurunnabi,5,20,0,0.8344
Nurunnabi,5,20,1,0.8202
Nurunnabi,5,20,2,0.8238
Nurunnabi,5,20,3,0.8099
Nurunnabi,5,20,6,0.8033
Nurunnabi,5,20,12,0.7608
Nurunnabi,5,20,24,0.6806
Nurunnabi,5,20,40,0.5924
Nurunnabi,5,30,0,0.7051
Nurunnabi,5,30,1,0.7013
Nurunnabi,5,30,2,0.7401
Nurunnabi,5,30,3,0.7274
Nurunnabi,5,30,6,0.7066
Nurunnabi,5,30,12,0.6718
Nurunnabi,5,30,24,0.6162
Nurunnabi,5,30,40,0.5348
Nurunnabi,5,40,0,0.6528
Nurunnabi,5,40,1,0.6427
Nurunnabi,5,40,2,0.648
Nurunnabi,5,40,3,0.6495
Nurunnabi,5,40,6,0.6315
Nurunnabi,5,40,12,0.6142
Nurunnabi,5,40,24,0.5617
Nurunnabi,5,40,40,0.5043
Nurunnabi,5,50,0,0.5888
Nurunnabi,5,50,1,0.5954
Nurunnabi,5,50,2,0.5912
Nurunnabi,5,50,3,0.5898
Nurunnabi,5,50,6,0.5808
Nurunnabi,5,50,12,0.5567
Nurunnabi,5,50,24,0.5149
Nurunnabi,5,50,40,0.4801
Nurunnabi,5,60,0,0.5341
Nurunnabi,5,60,1,0.5387
Nurunnabi,5,60,2,0.5419
Nurunnabi,5,60,3,0.5365
Nurunnabi,5,60,6,0.5291
Nurunnabi,5,60,12,0.5256
Nurunnabi,5,60,24,0.5084
Nurunnabi,5,60,40,0.4644
Nurunnabi,5,70,0,0.4906
Nurunnabi,5,70,1,0.4848
Nurunnabi,5,70,2,0.4937
Nurunnabi,5,70,3,0.4872
Nurunnabi,5,70,6,0.501
Nurunnabi,5,70,12,0.498
Nurunnabi,5,70,24,0.4717
Nurunnabi,5,70,40,0.4483
Nurunnabi,10,0,0,0.9665
Nurunnabi,10,0,1,0.965
Nurunnabi,10,0,2,0.9665
Nurunnabi,10,0,3,0.968
Nurunnabi,10,0,6,0.9663
Nurunnabi,10,0,12,0.961
Nurunnabi,10,0,24,0.9536
Nurunnabi,10,0,40,0.9206
Nurunnabi,10,10,0,0.8927
Nurunnabi,10,10,1,0.8976
Nurunnabi,10,10,2,0.9007
Nurunnabi,10,10,3,0.8919
Nurunnabi,10,10,6,0.8975
Nurunnabi,10,10,12,0.8748
Nurunnabi,10,10,24,0.8152
Nurunnabi,10,10,40,0.739
Nurunnabi,10,20,0,0.7923
Nurunnabi,10,20,1,0.7932
Nurunnabi,10,20,2,0.7936
Nurunnabi,10,20,3,0.7906
Nurunnabi,10,20,6,0.7837
Nurunnabi,10,20,12,0.7649
Nurunnabi,10,20,24,0.6901
Nurunnabi,10,20,40,0.6099
Nurunnabi,10,30,0,0.689
Nurunnabi,10,30,1,0.6896
Nurunnabi,10,30,2,0.6877
Nurunnabi,10,30,3,0.6848
Nurunnabi,10,30,6,0.6716
Nurunnabi,10,30,12,0.6561
Nurunnabi,10,30,24,0.6164
Nurunnabi,10,30,40,0.5514
Nurunnabi,10,40,0,0.6156
Nurunnabi,10,40,1,0.6112
Nurunnabi,10,40,2,0.6128
Nurunnabi,10,40,3,0.6137
Nurunnabi,10,40,6,0.6039
Nurunnabi,10,40,12,0.6016
Nurunnabi,10,40,24,0.5513
Nurunnabi,10,40,40,0.4953
Nurunnabi,10,50,0,0.5538
Nurunnabi,10,50,1,0.5462
Nurunnabi,10,50,2,0.5506
Nurunnabi,10,50,3,0.5451
Nurunnabi,10,50,6,0.5452
Nurunnabi,10,50,12,0.5366
Nurunnabi,10,50,24,0.513
Nurunnabi,10,50,40,0.4812
Nurunnabi,10,60,0,0.5005
Nurunnabi,10,60,1,0.4989
Nurunnabi,10,60,2,0.4997
Nurunnabi,10,60,3,0.4923
Nurunnabi,10,60,6,0.5036
Nurunnabi,10,60,12,0.4941
Nurunnabi,10,60,24,0.4802
Nurunnabi,10,60,40,0.453
Nurunnabi,10,70,0,0.4557
Nurunnabi,10,70,1,0.4575
Nurunnabi,10,70,2,0.4679
Nurunnabi,10,70,3,0.4555
Nurunnabi,10,70,6,0.4593
Nurunnabi,10,70,12,0.4551
Nurunnabi,10,70,24,0.4394
Nurunnabi,10,70,40,0.4271
Guo,0,0,0,1.0
Guo,0,0,1,0.9992
Guo,0,0,2,0.9986
Guo,0,0,3,0.9978
Guo,0,0,6,0.9957
Guo,0,0,12,0.99
Guo,0,0,24,0.9617
Guo,0,0,40,0.9023
Guo,0,10,0,0.4725
Guo,0,10,1,0.4298
Guo,0,10,2,0.4631
Guo,0,10,3,0.4357
Guo,0,10,6,0.3252
Guo,0,10,12,0.251
Guo,0,10,24,0.1728
Guo,0,10,40,0.1513
Guo,0,20,0,0.1732
Guo,0,20,1,0.1544
Guo,0,20,2,0.1407
Guo,0,20,3,0.1486
Guo,0,20,6,0.1138
Guo,0,20,12,0.0676
Guo,0,20,24,0.063
Guo,0,20,40,0.0691
Guo,0,30,0,0.0724
Guo,0,30,1,0.0771
Guo,0,30,2,0.078
Guo,0,30,3,0.0668
Guo,0,30,6,0.0576
Guo,0,30,12,0.0425
Guo,0,30,24,0.0312
Guo,0,30,40,0.0375
Guo,0,40,0,0.0333
Guo,0,40,1,0.037
Guo,0,40,2,0.0303
Guo,0,40,3,0.0339
Guo,0,40,6,0.0206
Guo,0,40,12,0.0208
Guo,0,40,24,0.0276
Guo,0,40,40,0.036
Guo,0,50,0,0.0214
Guo,0,50,1,0.0168
Guo,0,50,2,0.0157
Guo,0,50,3,0.0168
Guo,0,50,6,0.0171
Guo,0,50,12,0.0148
Guo,0,50,24,0.0193
Guo,0,50,40,0.039
Guo,0,60,0,0.0171
Guo,0,60,1,0.0129
Guo,0,60,2,0.0151
Guo,0,60,3,0.0166
Guo,0,60,6,0.0193
Guo,0,60,12,0.0203
Guo,0,60,24,0.0267
Guo,0,60,40,0.0376
Guo,0,70,0,0.0232
Guo,0,70,1,0.0206
Guo,0,70,2,0.0198
Guo,0,70,3,0.0212
Guo,0,70,6,0.0264
Guo,0,70,12,0.0308
Guo,0,70,24,0.0361
Guo,0,70,40,0.0464
Guo,1,0,0,0.9971
Guo,1,0,1,0.9971
Guo,1,0,2,0.9969
Guo,1,0,3,0.9965
Guo,1,0,6,0.9944
Guo,1,0,12,0.9889
Guo,1,0,24,0.961
Guo,1,0,40,0.9061
Guo,1,10,0,0.4926
Guo,1,10,1,0.4604
Guo,1,10,2,0.3913
Guo,1,10,3,0.3867
Guo,1,10,6,0.3246
Guo,1,10,12,0.2681
Guo,1,10,24,0.1803
Guo,1,10,40,0.1672
Guo,1,20,0,0.1635
Guo,1,20,1,0.1613
Guo,1,20,2,0.148
Guo,1,20,3,0.1307
Guo,1,20,6,0.1188
Guo,1,20,12,0.0898
Guo,1,20,24,0.0703
Guo,1,20,40,0.049
Guo,1,30,0,0.0566
Guo,1,30,1,0.0665
Guo,1,30,2,0.0638
Guo,1,30,3,0.0676
Guo,1,30,6,0.0515
Guo,1,30,12,0.0425
Guo,1,30,24,0.0276
Guo,1,30,40,0.0339
Guo,1,40,0,0.0304
Guo,1,40,1,0.0303
Guo,1,40,2,0.0312
Guo,1,40,3,0.0353
Guo,1,40,6,0.0271
Guo,1,40,12,0.0267
Guo,1,40,24,0.0238
Guo,1,40,40,0.0292
Guo,1,50,0,0.016
Guo,1,50,1,0.0139
Guo,1,50,2,0.0167
Guo,1,50,3,0.0206
Guo,1,50,6,0.0152
Guo,1,50,12,0.017
Guo,1,50,24,0.0214
Guo,1,50,40,0.0342
Guo,1,60,0,0.0143
Guo,1,60,1,0.0185
Guo,1,60,2,0.0141
Guo,1,60,3,0.0156
Guo,1,60,6,0.0211
Guo,1,60,12,0.0148
Guo,1,60,24,0.0248
Guo,1,60,40,0.0355
Guo,1,70,0,0.027
Guo,1,70,1,0.0185
Guo,1,70,2,0.0206
Guo,1,70,3,0.0257
Guo,1,70,6,0.0309
Guo,1,70,12,0.0329
Guo,1,70,24,0.0375
Guo,1,70,40,0.0435
Guo,2,0,0,0.9938
Guo,2,0,1,0.9936
Guo,2,0,2,0.9933
Guo,2,0,3,0.993
Guo,2,0,6,0.9912
Guo,2,0,12,0.9858
Guo,2,0,24,0.9621
Guo,2,0,40,0.908
Guo,2,10,0,0.4256
Guo,2,10,1,0.4217
Guo,2,10,2,0.4303
Guo,2,10,3,0.3957
Guo,2,10,6,0.3639
Guo,2,10,12,0.2548
Guo,2,10,24,0.171
Guo,2,10,40,0.1571
Guo,2,20,0,0.1469
Guo,2,20,1,0.1651
Guo,2,20,2,0.1484
Guo,2,20,3,0.1472
Guo,2,20,6,0.1305
Guo,2,20,12,0.092
Guo,2,20,24,0.069
Guo,2,20,40,0.0598
Guo,2,30,0,0.0662
Guo,2,30,1,0.0503
Guo,2,30,2,0.0556
Guo,2,30,3,0.0738
Guo,2,30,6,0.0545
Guo,2,30,12,0.0538
Guo,2,30,24,0.0283
Guo,2,30,40,0.0358
Guo,2,40,0,0.0302
Guo,2,40,1,0.0301
Guo,2,40,2,0.0289
Guo,2,40,3,0.0261
Guo,2,40,6,0.031
Guo,2,40,12,0.0209
Guo,2,40,24,0.0228
Guo,2,40,40,0.0338
Guo,2,50,0,0.0154
Guo,2,50,1,0.0199
Guo,2,50,2,0.015
Guo,2,50,3,0.0186
Guo,2,50,6,0.0251
Guo,2,50,12,0.0206
Guo,2,50,24,0.021
Guo,2,50,40,0.0342
Guo,2,60,0,0.0152
Guo,2,60,1,0.0138
Guo,2,60,2,0.0149
Guo,2,60,3,0.0137
Guo,2,60,6,0.0195
Guo,2,60,12,0.021
Guo,2,60,24,0.0238
Guo,2,60,40,0.041
Guo,2,70,0,0.0272
Guo,2,70,1,0.0224
Guo,2,70,2,0.0266
Guo,2,70,3,0.0252
Guo,2,70,6,0.0258
Guo,2,70,12,0.0326
Guo,2,70,24,0.0336
Guo,2,70,40,0.0498
Guo,5,0,0,0.9771
Guo,5,0,1,0.9779
Guo,5,0,2,0.9779
Guo,5,0,3,0.9783
Guo,5,0,6,0.9762
Guo,5,0,12,0.9696
Guo,5,0,24,0.9458
Guo,5,0,40,0.9081
Guo,5,10,0,0.3784
Guo,5,10,1,0.3979
Guo,5,10,2,0.3586
Guo,5,10,3,0.3658
Guo,5,10,6,0.313
Guo,5,10,12,0.2624
Guo,5,10,24,0.1865
Guo,5,10,40,0.1373
Guo,5,20,0,0.1284
Guo,5,20,1,0.1263
Guo,5,20,2,0.1582
Guo,5,20,3,0.1133
Guo,5,20,6,0.105
Guo,5,20,12,0.0866
Guo,5,20,24,0.0639
Guo,5,20,40,0.0552
Guo,5,30,0,0.0446
Guo,5,30,1,0.0517
Guo,5,30,2,0.0552
Guo,5,30,3,0.0535
Guo,5,30,6,0.0516
Guo,5,30,12,0.0349
Guo,5,30,24,0.0281
Guo,5,30,40,0.0245
Guo,5,40,0,0.0188
Guo,5,40,1,0.0255
Guo,5,40,2,0.0238
Guo,5,40,3,0.0206
Guo,5,40,6,0.0207
Guo,5,40,12,0.0214
Guo,5,40,24,0.0234
Guo,5,40,40,0.0269
Guo,5,50,0,0.0134
Guo,5,50,1,0.0141
Guo,5,50,2,0.0147
Guo,5,50,3,0.0146
Guo,5,50,6,0.0154
Guo,5,50,12,0.0247
Guo,5,50,24,0.0214
Guo,5,50,40,0.0349
Guo,5,60,0,0.0242
Guo,5,60,1,0.0196
Guo,5,60,2,0.0186
Guo,5,60,3,0.0141
Guo,5,60,6,0.0203
Guo,5,60,12,0.0237
Guo,5,60,24,0.0284
Guo,5,60,40,0.0353
Guo,5,70,0,0.0328
Guo,5,70,1,0.0361
Guo,5,70,2,0.0311
Guo,5,70,3,0.0385
Guo,5,70,6,0.0321
Guo,5,70,12,0.0286
Guo,5,70,24,0.0448
Guo,5,70,40,0.0511
Guo,10,0,0,0.923
Guo,10,0,1,0.9222
Guo,10,0,2,0.923
Guo,10,0,3,0.9278
Guo,10,0,6,0.9224
Guo,10,0,12,0.9167
Guo,10,0,24,0.8891
Guo,10,0,40,0.8504
Guo,10,10,0,0.2889
Guo,10,10,1,0.2771
Guo,10,10,2,0.31
Guo,10,10,3,0.2782
Guo,10,10,6,0.2577
Guo,10,10,12,0.2439
Guo,10,10,24,0.1768
Guo,10,10,40,0.1094
Guo,10,20,0,0.0969
Guo,10,20,1,0.0716
Guo,10,20,2,0.0765
Guo,10,20,3,0.0812
Guo,10,20,6,0.079
Guo,10,20,12,0.0838
Guo,10,20,24,0.056
Guo,10,20,40,0.0469
Guo,10,30,0,0.0389
Guo,10,30,1,0.0319
Guo,10,30,2,0.0305
Guo,10,30,3,0.0385
Guo,10,30,6,0.0367
Guo,10,30,12,0.0352
Guo,10,30,24,0.0265
Guo,10,30,40,0.0252
Guo,10,40,0,0.015
Guo,10,40,1,0.0149
Guo,10,40,2,0.0195
Guo,10,40,3,0.014
Guo,10,40,6,0.0166
Guo,10,40,12,0.0159
Guo,10,40,24,0.0136
Guo,10,40,40,0.0342
Guo,10,50,0,0.0158
Guo,10,50,1,0.0159
Guo,10,50,2,0.0192
Guo,10,50,3,0.0181
Guo,10,50,6,0.0178
Guo,10,50,12,0.0215
Guo,10,50,24,0.0216
Guo,10,50,40,0.0299
Guo,10,60,0,0.0273
Guo,10,60,1,0.031
Guo,10,60,2,0.0302
Guo,10,60,3,0.0377
Guo,10,60,6,0.0301
Guo,10,60,12,0.0317
Guo,10,60,24,0.0401
Guo,10,60,40,0.0528
Guo,10,70,0,0.0569
Guo,10,70,1,0.0559
Guo,10,70,2,0.0504
Guo,10,70,3,0.0619
Guo,10,70,6,0.0509
Guo,10,70,12,0.0638
Guo,10,70,24,0.0665
Guo,10,70,40,0.0663
Greco,0,0,0,1.0
Greco,0,0,1,0.9981
Greco,0,0,2,0.9962
Greco,0,0,3,0.9946
Greco,0,0,6,0.992
Greco,0,0,12,0.9889
Greco,0,0,24,0.959
Greco,0,0,40,0.9521
Greco,0,10,0,1.0
Greco,0,10,1,0.9984
Greco,0,10,2,0.9966
Greco,0,10,3,0.9953
Greco,0,10,6,0.9948
Greco,0,10,12,0.9806
Greco,0,10,24,0.9629
Greco,0,10,40,0.8916
Greco,0,20,0,1.0
Greco,0,20,1,0.9988
Greco,0,20,2,0.9978
Greco,0,20,3,0.997
Greco,0,20,6,0.9946
Greco,0,20,12,0.982
Greco,0,20,24,0.9322
Greco,0,20,40,0.8009
Greco,0,30,0,0.9875
Greco,0,30,1,0.987
Greco,0,30,2,0.9795
Greco,0,30,3,0.978
Greco,0,30,6,0.964
Greco,0,30,12,0.9328
Greco,0,30,24,0.8597
Greco,0,30,40,0.7086
Greco,0,40,0,0.9407
Greco,0,40,1,0.9426
Greco,0,40,2,0.9362
Greco,0,40,3,0.9329
Greco,0,40,6,0.9069
Greco,0,40,12,0.8715
Greco,0,40,24,0.7821
Greco,0,40,40,0.6561
Greco,0,50,0,0.8787
Greco,0,50,1,0.8693
Greco,0,50,2,0.8596
Greco,0,50,3,0.8575
Greco,0,50,6,0.8271
Greco,0,50,12,0.7926
Greco,0,50,24,0.7207
Greco,0,50,40,0.5905
Greco,0,60,0,0.7865
Greco,0,60,1,0.7865
Greco,0,60,2,0.7711
Greco,0,60,3,0.7816
Greco,0,60,6,0.7601
Greco,0,60,12,0.7139
Greco,0,60,24,0.6486
Greco,0,60,40,0.5497
Greco,0,70,0,0.6691
Greco,0,70,1,0.6593
Greco,0,70,2,0.6508
Greco,0,70,3,0.6623
Greco,0,70,6,0.6552
Greco,0,70,12,0.6298
Greco,0,70,24,0.578
Greco,0,70,40,0.4921
Greco,1,0,0,0.9946
Greco,1,0,1,0.9951
Greco,1,0,2,0.9947
Greco,1,0,3,0.9943
Greco,1,0,6,0.9944
Greco,1,0,12,0.9879
Greco,1,0,24,0.9579
Greco,1,0,40,0.953
Greco,1,10,0,0.9957
Greco,1,10,1,0.9956
Greco,1,10,2,0.9945
Greco,1,10,3,0.9951
Greco,1,10,6,0.9929
Greco,1,10,12,0.9805
Greco,1,10,24,0.9679
Greco,1,10,40,0.8916
Greco,1,20,0,0.9961
Greco,1,20,1,0.9963
Greco,1,20,2,0.9959
Greco,1,20,3,0.9952
Greco,1,20,6,0.9934
Greco,1,20,12,0.9814
Greco,1,20,24,0.9271
Greco,1,20,40,0.7951
Greco,1,30,0,0.9846
Greco,1,30,1,0.9869
Greco,1,30,2,0.9826
Greco,1,30,3,0.9766
Greco,1,30,6,0.9647
Greco,1,30,12,0.9259
Greco,1,30,24,0.8424
Greco,1,30,40,0.7151
Greco,1,40,0,0.9366
Greco,1,40,1,0.938
Greco,1,40,2,0.9332
Greco,1,40,3,0.9309
Greco,1,40,6,0.9122
Greco,1,40,12,0.8631
Greco,1,40,24,0.7688
Greco,1,40,40,0.647
Greco,1,50,0,0.8679
Greco,1,50,1,0.8695
Greco,1,50,2,0.8579
Greco,1,50,3,0.8499
Greco,1,50,6,0.8303
Greco,1,50,12,0.7883
Greco,1,50,24,0.7113
Greco,1,50,40,0.5782
Greco,1,60,0,0.7575
Greco,1,60,1,0.7645
Greco,1,60,2,0.7611
Greco,1,60,3,0.7568
Greco,1,60,6,0.735
Greco,1,60,12,0.7079
Greco,1,60,24,0.6382
Greco,1,60,40,0.5243
Greco,1,70,0,0.6531
Greco,1,70,1,0.658
Greco,1,70,2,0.6531
Greco,1,70,3,0.6518
Greco,1,70,6,0.6324
Greco,1,70,12,0.6236
Greco,1,70,24,0.5447
Greco,1,70,40,0.4804
Greco,2,0,0,0.9902
Greco,2,0,1,0.9897
Greco,2,0,2,0.9899
Greco,2,0,3,0.9881
Greco,2,0,6,0.9884
Greco,2,0,12,0.9813
Greco,2,0,24,0.9536
Greco,2,0,40,0.9588
Greco,2,10,0,0.9913
Greco,2,10,1,0.9907
Greco,2,10,2,0.9914
Greco,2,10,3,0.9902
Greco,2,10,6,0.988
Greco,2,10,12,0.9826
Greco,2,10,24,0.9645
Greco,2,10,40,0.8897
Greco,2,20,0,0.9926
Greco,2,20,1,0.9927
Greco,2,20,2,0.9925
Greco,2,20,3,0.9916
Greco,2,20,6,0.9912
Greco,2,20,12,0.9813
Greco,2,20,24,0.9235
Greco,2,20,40,0.8014
Greco,2,30,0,0.9802
Greco,2,30,1,0.9809
Greco,2,30,2,0.981
Greco,2,30,3,0.9795
Greco,2,30,6,0.9662
Greco,2,30,12,0.9326
Greco,2,30,24,0.8496
Greco,2,30,40,0.7077
Greco,2,40,0,0.933
Greco,2,40,1,0.9339
Greco,2,40,2,0.9264
Greco,2,40,3,0.9339
Greco,2,40,6,0.9093
Greco,2,40,12,0.8642
Greco,2,40,24,0.7698
Greco,2,40,40,0.6455
Greco,2,50,0,0.8542
Greco,2,50,1,0.8554
Greco,2,50,2,0.8548
Greco,2,50,3,0.8505
Greco,2,50,6,0.8359
Greco,2,50,12,0.7808
Greco,2,50,24,0.7101
Greco,2,50,40,0.5728
Greco,2,60,0,0.7484
Greco,2,60,1,0.7696
Greco,2,60,2,0.7428
Greco,2,60,3,0.7443
Greco,2,60,6,0.7311
Greco,2,60,12,0.6972
Greco,2,60,24,0.6234
Greco,2,60,40,0.5096
Greco,2,70,0,0.6338
Greco,2,70,1,0.6326
Greco,2,70,2,0.6239
Greco,2,70,3,0.6321
Greco,2,70,6,0.6182
Greco,2,70,12,0.6106
Greco,2,70,24,0.5483
Greco,2,70,40,0.4658
Greco,5,0,0,0.9768
Greco,5,0,1,0.9744
Greco,5,0,2,0.9754
Greco,5,0,3,0.9743
Greco,5,0,6,0.9734
Greco,5,0,12,0.9662
Greco,5,0,24,0.943
Greco,5,0,40,0.9369
Greco,5,10,0,0.9778
Greco,5,10,1,0.9792
Greco,5,10,2,0.9781
Greco,5,10,3,0.9769
Greco,5,10,6,0.9795
Greco,5,10,12,0.9704
Greco,5,10,24,0.9621
Greco,5,10,40,0.9029
Greco,5,20,0,0.9832
Greco,5,20,1,0.9817
Greco,5,20,2,0.9814
Greco,5,20,3,0.9806
Greco,5,20,6,0.9817
Greco,5,20,12,0.9786
Greco,5,20,24,0.9352
Greco,5,20,40,0.8191
Greco,5,30,0,0.9696
Greco,5,30,1,0.9713
Greco,5,30,2,0.9705
Greco,5,30,3,0.9695
Greco,5,30,6,0.9625
Greco,5,30,12,0.9394
Greco,5,30,24,0.8508
Greco,5,30,40,0.7191
Greco,5,40,0,0.9129
Greco,5,40,1,0.9069
Greco,5,40,2,0.9103
Greco,5,40,3,0.9035
Greco,5,40,6,0.9003
Greco,5,40,12,0.861
Greco,5,40,24,0.7739
Greco,5,40,40,0.6415
Greco,5,50,0,0.8079
Greco,5,50,1,0.8165
Greco,5,50,2,0.8083
Greco,5,50,3,0.8134
Greco,5,50,6,0.8045
Greco,5,50,12,0.779
Greco,5,50,24,0.6832
Greco,5,50,40,0.5706
Greco,5,60,0,0.683
Greco,5,60,1,0.7022
Greco,5,60,2,0.6994
Greco,5,60,3,0.6886
Greco,5,60,6,0.6799
Greco,5,60,12,0.6626
Greco,5,60,24,0.5993
Greco,5,60,40,0.4983
Greco,5,70,0,0.5716
Greco,5,70,1,0.5591
Greco,5,70,2,0.5545
Greco,5,70,3,0.5718
Greco,5,70,6,0.5552
Greco,5,70,12,0.5541
Greco,5,70,24,0.4974
Greco,5,70,40,0.4547
Greco,10,0,0,0.9533
Greco,10,0,1,0.9467
Greco,10,0,2,0.9516
Greco,10,0,3,0.9516
Greco,10,0,6,0.9494
Greco,10,0,12,0.9436
Greco,10,0,24,0.9179
Greco,10,0,40,0.8808
Greco,10,10,0,0.9545
Greco,10,10,1,0.9572
Greco,10,10,2,0.9541
Greco,10,10,3,0.9544
Greco,10,10,6,0.9554
Greco,10,10,12,0.9582
Greco,10,10,24,0.9371
Greco,10,10,40,0.9098
Greco,10,20,0,0.9624
Greco,10,20,1,0.9629
Greco,10,20,2,0.9621
Greco,10,20,3,0.9635
Greco,10,20,6,0.9616
Greco,10,20,12,0.963
Greco,10,20,24,0.9382
Greco,10,20,40,0.8442
Greco,10,30,0,0.9394
Greco,10,30,1,0.9451
Greco,10,30,2,0.9439
Greco,10,30,3,0.9428
Greco,10,30,6,0.9439
Greco,10,30,12,0.929
Greco,10,30,24,0.8613
Greco,10,30,40,0.7261
Greco,10,40,0,0.865
Greco,10,40,1,0.8651
Greco,10,40,2,0.8536
Greco,10,40,3,0.8591
Greco,10,40,6,0.8595
Greco,10,40,12,0.8369
Greco,10,40,24,0.7528
Greco,10,40,40,0.623
Greco,10,50,0,0.7312
Greco,10,50,1,0.7271
Greco,10,50,2,0.736
Greco,10,50,3,0.7315
Greco,10,50,6,0.7208
Greco,10,50,12,0.6956
Greco,10,50,24,0.6473
Greco,10,50,40,0.5318
Greco,10,60,0,0.5851
Greco,10,60,1,0.5856
Greco,10,60,2,0.5836
Greco,10,60,3,0.5727
Greco,10,60,6,0.5709
Greco,10,60,12,0.5644
Greco,10,60,24,0.5225
Greco,10,60,40,0.4536
Greco,10,70,0,0.4412
Greco,10,70,1,0.4448
Greco,10,70,2,0.445
Greco,10,70,3,0.4375
Greco,10,70,6,0.4298
Greco,10,70,12,0.4338
Greco,10,70,24,0.4201
Greco,10,70,40,0.3818
Qi,0,0,0,0.4407
Qi,0,0,1,0.999
Qi,0,0,2,0.9978
Qi,0,0,3,0.9974
Qi,0,0,6,0.996
Qi,0,0,12,0.9823
Qi,0,0,24,0.9782
Qi,0,0,40,0.9526
Qi,0,10,0,0.8225
Qi,0,10,1,0.9992
Qi,0,10,2,0.9983
Qi,0,10,3,0.9975
Qi,0,10,6,0.9953
Qi,0,10,12,0.9847
Qi,0,10,24,0.9745
Qi,0,10,40,0.8982
Qi,0,20,0,0.7716
Qi,0,20,1,0.9992
Qi,0,20,2,0.9984
Qi,0,20,3,0.9977
Qi,0,20,6,0.9952
Qi,0,20,12,0.9874
Qi,0,20,24,0.9719
Qi,0,20,40,0.8278
Qi,0,30,0,0.7227
Qi,0,30,1,0.9992
Qi,0,30,2,0.9984
Qi,0,30,3,0.9974
Qi,0,30,6,0.9948
Qi,0,30,12,0.9876
Qi,0,30,24,0.9333
Qi,0,30,40,0.6889
Qi,0,40,0,0.6976
Qi,0,40,1,0.9991
Qi,0,40,2,0.9981
Qi,0,40,3,0.997
Qi,0,40,6,0.9941
Qi,0,40,12,0.9777
Qi,0,40,24,0.7927
Qi,0,40,40,0.615
Qi,0,50,0,0.9911
Qi,0,50,1,0.987
Qi,0,50,2,0.9759
Qi,0,50,3,0.9764
Qi,0,50,6,0.9303
Qi,0,50,12,0.8477
Qi,0,50,24,0.693
Qi,0,50,40,0.5723
Qi,0,60,0,0.8551
Qi,0,60,1,0.8382
Qi,0,60,2,0.8311
Qi,0,60,3,0.8207
Qi,0,60,6,0.7619
Qi,0,60,12,0.6913
Qi,0,60,24,0.592
Qi,0,60,40,0.5597
Qi,0,70,0,0.6447
Qi,0,70,1,0.6174
Qi,0,70,2,0.6056
Qi,0,70,3,0.6156
Qi,0,70,6,0.6316
Qi,0,70,12,0.5984
Qi,0,70,24,0.5795
Qi,0,70,40,0.5306
Qi,1,0,0,0.9966
Qi,1,0,1,0.9966
Qi,1,0,2,0.9964
Qi,1,0,3,0.9957
Qi,1,0,6,0.9935
Qi,1,0,12,0.9818
Qi,1,0,24,0.9799
Qi,1,0,40,0.9524
Qi,1,10,0,0.9966
Qi,1,10,1,0.9966
Qi,1,10,2,0.996
Qi,1,10,3,0.9958
Qi,1,10,6,0.9934
Qi,1,10,12,0.9858
Qi,1,10,24,0.9781
Qi,1,10,40,0.901
Qi,1,20,0,0.9966
Qi,1,20,1,0.9967
Qi,1,20,2,0.9965
Qi,1,20,3,0.9956
Qi,1,20,6,0.9937
Qi,1,20,12,0.9886
Qi,1,20,24,0.9715
Qi,1,20,40,0.8231
Qi,1,30,0,0.9965
Qi,1,30,1,0.9964
Qi,1,30,2,0.9961
Qi,1,30,3,0.9957
Qi,1,30,6,0.9936
Qi,1,30,12,0.9845
Qi,1,30,24,0.9379
Qi,1,30,40,0.6992
Qi,1,40,0,0.9963
Qi,1,40,1,0.9961
Qi,1,40,2,0.9958
Qi,1,40,3,0.9953
Qi,1,40,6,0.99
Qi,1,40,12,0.9569
Qi,1,40,24,0.7915
Qi,1,40,40,0.6173
Qi,1,50,0,0.9843
Qi,1,50,1,0.9775
Qi,1,50,2,0.9639
Qi,1,50,3,0.9659
Qi,1,50,6,0.9178
Qi,1,50,12,0.855
Qi,1,50,24,0.6784
Qi,1,50,40,0.569
Qi,1,60,0,0.7967
Qi,1,60,1,0.7943
Qi,1,60,2,0.7884
Qi,1,60,3,0.7881
Qi,1,60,6,0.7511
Qi,1,60,12,0.6826
Qi,1,60,24,0.6036
Qi,1,60,40,0.5393
Qi,1,70,0,0.6101
Qi,1,70,1,0.617
Qi,1,70,2,0.6201
Qi,1,70,3,0.6161
Qi,1,70,6,0.5894
Qi,1,70,12,0.5723
Qi,1,70,24,0.5572
Qi,1,70,40,0.5347
Qi,2,0,0,0.9932
Qi,2,0,1,0.9934
Qi,2,0,2,0.993
Qi,2,0,3,0.9929
Qi,2,0,6,0.9912
Qi,2,0,12,0.9833
Qi,2,0,24,0.973
Qi,2,0,40,0.9556
Qi,2,10,0,0.9935
Qi,2,10,1,0.993
Qi,2,10,2,0.9931
Qi,2,10,3,0.9927
Qi,2,10,6,0.991
Qi,2,10,12,0.987
Qi,2,10,24,0.9745
Qi,2,10,40,0.9
Qi,2,20,0,0.9931
Qi,2,20,1,0.9933
Qi,2,20,2,0.9933
Qi,2,20,3,0.9925
Qi,2,20,6,0.9917
Qi,2,20,12,0.9859
Qi,2,20,24,0.9685
Qi,2,20,40,0.8308
Qi,2,30,0,0.9932
Qi,2,30,1,0.9925
Qi,2,30,2,0.9929
Qi,2,30,3,0.9922
Qi,2,30,6,0.9918
Qi,2,30,12,0.9848
Qi,2,30,24,0.9267
Qi,2,30,40,0.6913
Qi,2,40,0,0.9928
Qi,2,40,1,0.9924
Qi,2,40,2,0.9922
Qi,2,40,3,0.991
Qi,2,40,6,0.9887
Qi,2,40,12,0.9658
Qi,2,40,24,0.7732
Qi,2,40,40,0.6277
Qi,2,50,0,0.9741
Qi,2,50,1,0.9699
Qi,2,50,2,0.9746
Qi,2,50,3,0.9629
Qi,2,50,6,0.9307
Qi,2,50,12,0.8298
Qi,2,50,24,0.6757
Qi,2,50,40,0.5603
Qi,2,60,0,0.7663
Qi,2,60,1,0.7833
Qi,2,60,2,0.7525
Qi,2,60,3,0.7489
Qi,2,60,6,0.7269
Qi,2,60,12,0.6563
Qi,2,60,24,0.5907
Qi,2,60,40,0.5401
Qi,2,70,0,0.5943
Qi,2,70,1,0.5967
Qi,2,70,2,0.6035
Qi,2,70,3,0.606
Qi,2,70,6,0.5913
Qi,2,70,12,0.5746
Qi,2,70,24,0.5518
Qi,2,70,40,0.5265
Qi,5,0,0,0.9823
Qi,5,0,1,0.9818
Qi,5,0,2,0.9831
Qi,5,0,3,0.9829
Qi,5,0,6,0.9809
Qi,5,0,12,0.9784
Qi,5,0,24,0.9657
Qi,5,0,40,0.9379
Qi,5,10,0,0.9827
Qi,5,10,1,0.9824
Qi,5,10,2,0.983
Qi,5,10,3,0.9834
Qi,5,10,6,0.9831
Qi,5,10,12,0.9796
Qi,5,10,24,0.9705
Qi,5,10,40,0.9268
Qi,5,20,0,0.9847
Qi,5,20,1,0.9831
Qi,5,20,2,0.9828
Qi,5,20,3,0.982
Qi,5,20,6,0.9829
Qi,5,20,12,0.9785
Qi,5,20,24,0.9559
Qi,5,20,40,0.8411
Qi,5,30,0,0.9835
Qi,5,30,1,0.9819
Qi,5,30,2,0.9824
Qi,5,30,3,0.9827
Qi,5,30,6,0.9809
Qi,5,30,12,0.9768
Qi,5,30,24,0.907
Qi,5,30,40,0.6882
Qi,5,40,0,0.9804
Qi,5,40,1,0.9747
Qi,5,40,2,0.9794
Qi,5,40,3,0.9797
Qi,5,40,6,0.9777
Qi,5,40,12,0.9508
Qi,5,40,24,0.7659
Qi,5,40,40,0.5877
Qi,5,50,0,0.9053
Qi,5,50,1,0.9109
Qi,5,50,2,0.8888
Qi,5,50,3,0.9028
Qi,5,50,6,0.8755
Qi,5,50,12,0.7977
Qi,5,50,24,0.6346
Qi,5,50,40,0.5569
Qi,5,60,0,0.6369
Qi,5,60,1,0.6729
Qi,5,60,2,0.6494
Qi,5,60,3,0.6405
Qi,5,60,6,0.6312
Qi,5,60,12,0.6311
Qi,5,60,24,0.5695
Qi,5,60,40,0.5394
Qi,5,70,0,0.565
Qi,5,70,1,0.5568
Qi,5,70,2,0.5548
Qi,5,70,3,0.5671
Qi,5,70,6,0.5682
Qi,5,70,12,0.5634
Qi,5,70,24,0.5409
Qi,5,70,40,0.513
Qi,10,0,0,0.9603
Qi,10,0,1,0.9605
Qi,10,0,2,0.9627
Qi,10,0,3,0.9642
Qi,10,0,6,0.9618
Qi,10,0,12,0.9598
Qi,10,0,24,0.9518
Qi,10,0,40,0.9293
Qi,10,10,0,0.9639
Qi,10,10,1,0.9654
Qi,10,10,2,0.9627
Qi,10,10,3,0.9629
Qi,10,10,6,0.9628
Qi,10,10,12,0.9646
Qi,10,10,24,0.9542
Qi,10,10,40,0.9151
Qi,10,20,0,0.967
Qi,10,20,1,0.9666
Qi,10,20,2,0.966
Qi,10,20,3,0.9652
Qi,10,20,6,0.964
Qi,10,20,12,0.9626
Qi,10,20,24,0.943
Qi,10,20,40,0.8447
Qi,10,30,0,0.9638
Qi,10,30,1,0.9631
Qi,10,30,2,0.9625
Qi,10,30,3,0.9657
Qi,10,30,6,0.9621
Qi,10,30,12,0.9573
Qi,10,30,24,0.91
Qi,10,30,40,0.6677
Qi,10,40,0,0.9429
Qi,10,40,1,0.9377
Qi,10,40,2,0.9411
Qi,10,40,3,0.9369
Qi,10,40,6,0.9401
Qi,10,40,12,0.9035
Qi,10,40,24,0.7078
Qi,10,40,40,0.578
Qi,10,50,0,0.6942
Qi,10,50,1,0.7026
Qi,10,50,2,0.7082
Qi,10,50,3,0.6989
Qi,10,50,6,0.6794
Qi,10,50,12,0.6258
Qi,10,50,24,0.5775
Qi,10,50,40,0.5501
Qi,10,60,0,0.5629
Qi,10,60,1,0.5575
Qi,10,60,2,0.5578
Qi,10,60,3,0.5522
Qi,10,60,6,0.5635
Qi,10,60,12,0.5518
Qi,10,60,24,0.5321
Qi,10,60,40,0.5186
Qi,10,70,0,0.5148
Qi,10,70,1,0.5109
Qi,10,70,2,0.5255
Qi,10,70,3,0.5162
Qi,10,70,6,0.5063
Qi,10,70,12,0.5068
Qi,10,70,24,0.5016
Qi,10,70,40,0.4853
